sale_id;invoice_id;store_id;time_id;product_id;customer_id;gender;unit_price;quantity;tax;total;payment_method;cogs;gross_margin_percentage;gross_income;rating
1;750-67-8428;1;1;1;1;Female;74.69;7;26.14;548.97;Ewallet;522.83;4.761905;26.14;09.янв
2;226-31-3081;2;2;2;2;Female;15.28;5;мар.82;80.22;Cash;76.40;4.761905;мар.82;09.июн
3;631-41-3108;1;3;3;2;Male;46.33;7;16.22;340.53;Credit card;324.31;4.761905;16.22;07.апр
4;123-19-1176;1;4;1;1;Male;58.22;8;23.29;489.05;Ewallet;465.76;4.761905;23.29;08.апр
5;373-73-7910;1;5;4;2;Male;86.31;7;30.21;634.38;Ewallet;604.17;4.761905;30.21;05.мар
6;699-14-3026;2;6;2;2;Male;85.39;7;29.89;627.62;Ewallet;597.73;4.761905;29.89;04.янв
7;355-53-5943;1;7;2;1;Female;68.84;6;20.65;433.69;Ewallet;413.04;4.761905;20.65;05.авг
8;315-22-5665;2;8;3;2;Female;73.56;10;36.78;772.38;Ewallet;735.60;4.761905;36.78;8.0
9;665-32-9167;1;9;1;1;Female;36.26;2;мар.63;76.15;Credit card;72.52;4.761905;мар.63;07.фев
10;692-92-5582;3;10;5;1;Female;54.84;3;авг.23;172.75;Credit card;164.52;4.761905;авг.23;05.сен
11;351-62-0822;3;11;6;1;Female;14.48;4;фев.90;60.82;Ewallet;57.92;4.761905;фев.90;04.май
12;529-56-3974;3;12;2;1;Male;25.51;4;05.окт;107.14;Cash;102.04;4.761905;05.окт;06.авг
13;365-64-0515;1;13;2;2;Female;46.95;5;ноя.74;246.49;Ewallet;234.75;4.761905;ноя.74;07.янв
14;252-56-2699;1;14;5;2;Male;43.19;10;21.60;453.50;Ewallet;431.90;4.761905;21.60;08.фев
15;829-34-3910;1;15;1;2;Female;71.38;10;35.69;749.49;Cash;713.80;4.761905;35.69;05.июл
16;299-46-1805;3;16;4;1;Female;93.72;6;28.дек;590.44;Cash;562.32;4.761905;28.дек;04.май
17;656-95-9349;1;17;1;1;Female;68.93;7;24.13;506.64;Credit card;482.51;4.761905;24.13;04.июн
18;765-26-6951;1;18;4;2;Male;72.61;6;21.78;457.44;Credit card;435.66;4.761905;21.78;06.сен
19;329-62-1586;1;19;5;2;Male;54.67;3;авг.20;172.21;Credit card;164.01;4.761905;авг.20;08.июн
20;319-50-3348;3;20;3;2;Female;40.30;2;04.мар;84.63;Ewallet;80.60;4.761905;04.мар;04.апр
21;300-71-4605;2;21;2;1;Male;86.04;5;21.51;451.71;Ewallet;430.20;4.761905;21.51;04.авг
22;371-85-5789;3;22;1;2;Male;87.98;3;13.20;277.14;Ewallet;263.94;4.761905;13.20;05.янв
23;273-16-6619;3;23;3;2;Male;33.20;2;мар.32;69.72;Credit card;66.40;4.761905;мар.32;04.апр
24;636-48-8204;1;24;2;2;Male;34.56;5;авг.64;181.44;Ewallet;172.80;4.761905;авг.64;09.сен
25;549-59-1358;1;25;4;1;Male;88.63;3;13.29;279.18;Ewallet;265.89;4.761905;13.29;6.0
26;227-03-5010;1;26;3;1;Female;52.59;8;21.апр;441.76;Credit card;420.72;4.761905;21.апр;08.май
27;649-29-6775;3;27;6;2;Male;33.52;1;янв.68;35.20;Cash;33.52;4.761905;янв.68;06.июл
28;189-17-4241;1;28;6;2;Female;87.67;2;авг.77;184.11;Credit card;175.34;4.761905;авг.77;07.июл
29;145-94-9061;3;29;5;2;Female;88.36;5;22.сен;463.89;Cash;441.80;4.761905;22.сен;09.июн
30;848-62-7243;1;30;1;2;Male;24.89;9;ноя.20;235.21;Cash;224.01;4.761905;ноя.20;07.апр
31;871-79-8483;3;31;6;2;Male;94.13;5;23.53;494.18;Credit card;470.65;4.761905;23.53;04.авг
32;149-71-6266;3;32;4;1;Male;78.07;9;35.13;737.76;Cash;702.63;4.761905;35.13;04.май
33;640-49-2076;3;33;4;2;Male;83.78;8;33.51;703.75;Cash;670.24;4.761905;33.51;05.янв
34;595-11-5460;1;34;1;2;Male;96.58;2;сен.66;202.82;Credit card;193.16;4.761905;сен.66;05.янв
35;183-56-6882;2;35;5;1;Female;99.42;4;19.88;417.56;Ewallet;397.68;4.761905;19.88;07.май
36;232-16-2483;2;36;4;1;Female;68.12;1;мар.41;71.53;Ewallet;68.12;4.761905;мар.41;06.авг
37;129-29-8530;1;37;4;1;Male;62.62;5;15.66;328.76;Ewallet;313.10;4.761905;15.66;7.0
38;272-65-1806;1;38;2;2;Female;60.88;9;27.40;575.32;Ewallet;547.92;4.761905;27.40;04.июл
39;333-73-7901;2;39;1;2;Female;54.92;8;21.97;461.33;Ewallet;439.36;4.761905;21.97;07.июн
40;777-82-7220;3;40;3;1;Male;30.дек;8;12.май;253.01;Cash;240.96;4.761905;12.май;07.июл
41;280-35-5823;3;41;3;1;Female;86.72;1;апр.34;91.06;Ewallet;86.72;4.761905;апр.34;07.сен
42;554-53-8700;2;42;3;1;Male;56.11;2;май.61;117.83;Cash;112.22;4.761905;май.61;06.мар
43;354-25-5821;3;43;4;1;Female;69.12;6;20.74;435.46;Cash;414.72;4.761905;20.74;05.июн
44;228-96-1411;2;44;5;1;Female;98.70;8;39.48;829.08;Cash;789.60;4.761905;39.48;07.июн
45;617-15-4209;2;45;1;1;Male;15.37;2;янв.54;32.28;Cash;30.74;4.761905;янв.54;07.фев
46;132-32-9879;3;46;2;1;Female;93.96;4;18.79;394.63;Cash;375.84;4.761905;18.79;09.май
47;370-41-7321;3;47;1;1;Male;56.69;9;25.51;535.72;Credit card;510.21;4.761905;25.51;08.апр
48;727-46-3608;3;48;5;1;Female;20.янв;9;9.00;189.09;Ewallet;180.09;4.761905;9.00;04.янв
49;669-54-1719;3;49;2;1;Male;18.93;6;май.68;119.26;Credit card;113.58;4.761905;май.68;08.янв
50;574-22-5561;2;50;6;1;Female;82.63;10;41.32;867.62;Ewallet;826.30;4.761905;41.32;07.сен
51;326-78-5178;2;51;5;1;Male;91.40;7;31.99;671.79;Cash;639.80;4.761905;31.99;09.май
52;162-48-8011;1;52;5;1;Female;44.59;5;ноя.15;234.10;Cash;222.95;4.761905;ноя.15;08.май
53;616-24-2851;3;53;6;1;Female;17.87;4;мар.57;75.05;Ewallet;71.48;4.761905;мар.57;06.май
54;778-71-5554;2;54;6;1;Male;15.43;1;0.77;16.20;Credit card;15.43;4.761905;0.77;06.янв
55;242-55-6721;3;55;3;2;Male;16.16;2;янв.62;33.94;Ewallet;32.32;4.761905;янв.62;06.май
56;399-46-5918;2;56;2;2;Female;85.98;8;34.39;722.23;Cash;687.84;4.761905;34.39;08.фев
57;106-35-6779;1;57;3;1;Male;44.34;2;апр.43;93.11;Cash;88.68;4.761905;апр.43;05.авг
58;635-40-6220;1;58;1;2;Male;89.60;8;35.84;752.64;Ewallet;716.80;4.761905;35.84;06.июн
59;817-48-8732;1;59;3;1;Female;72.35;10;36.18;759.68;Cash;723.50;4.761905;36.18;05.апр
60;120-06-4233;2;60;2;2;Male;30.61;6;сен.18;192.84;Cash;183.66;4.761905;сен.18;09.мар
61;285-68-5083;2;61;4;1;Female;24.74;3;мар.71;77.93;Credit card;74.22;4.761905;мар.71;10.0
62;803-83-5989;2;62;3;2;Male;55.73;6;16.72;351.10;Ewallet;334.38;4.761905;16.72;7.0
63;347-34-2234;3;63;4;1;Female;55.07;9;24.78;520.41;Ewallet;495.63;4.761905;24.78;10.0
64;199-75-8169;1;64;4;1;Male;15.81;10;июл.91;166.01;Credit card;158.10;4.761905;июл.91;08.июн
65;853-23-2453;3;65;1;1;Male;75.74;4;15.15;318.11;Cash;302.96;4.761905;15.15;07.июн
66;877-22-3308;1;66;1;1;Male;15.87;10;июл.94;166.64;Cash;158.70;4.761905;июл.94;05.авг
67;838-78-4295;2;67;1;2;Female;33.47;2;мар.35;70.29;Ewallet;66.94;4.761905;мар.35;06.июл
68;109-28-2512;3;68;6;1;Female;97.61;6;29.28;614.94;Ewallet;585.66;4.761905;29.28;09.сен
69;232-11-3025;1;69;4;2;Male;78.77;10;39.39;827.09;Cash;787.70;4.761905;39.39;06.апр
70;382-03-4532;1;70;1;1;Female;18.33;1;0.92;19.25;Cash;18.33;4.761905;0.92;04.мар
71;393-65-2792;2;71;5;2;Male;89.48;10;44.74;939.54;Credit card;894.80;4.761905;44.74;09.июн
72;796-12-2025;2;72;6;2;Male;62.12;10;31.06;652.26;Cash;621.20;4.761905;31.06;05.сен
73;510-95-6347;3;73;5;1;Female;48.52;3;июл.28;152.84;Ewallet;145.56;4.761905;июл.28;4.0
74;841-35-6630;2;74;2;2;Female;75.91;6;22.77;478.23;Cash;455.46;4.761905;22.77;08.июл
75;287-21-9091;1;75;3;2;Male;74.67;9;33.60;705.63;Ewallet;672.03;4.761905;33.60;09.апр
76;732-94-0499;2;76;2;2;Female;41.65;10;20.83;437.33;Credit card;416.50;4.761905;20.83;05.апр
77;263-10-3913;2;77;6;1;Male;49.04;9;22.июл;463.43;Credit card;441.36;4.761905;22.июл;08.июн
78;381-20-0914;1;78;6;1;Female;20.янв;9;9.00;189.09;Credit card;180.09;4.761905;9.00;05.июл
79;829-49-1914;2;79;5;1;Female;78.31;10;39.16;822.26;Ewallet;783.10;4.761905;39.16;06.июн
80;756-01-7507;2;80;1;2;Female;20.38;5;05.окт;107.00;Cash;101.90;4.761905;05.окт;6.0
81;870-72-4431;2;81;1;2;Female;99.19;6;29.76;624.90;Credit card;595.14;4.761905;29.76;05.май
82;847-38-7188;3;82;5;2;Female;96.68;3;14.50;304.54;Ewallet;290.04;4.761905;14.50;06.апр
83;480-63-2856;2;83;5;2;Male;19.25;8;июл.70;161.70;Ewallet;154.00;4.761905;июл.70;06.июн
84;787-56-0757;2;84;5;1;Female;80.36;4;16.июл;337.51;Credit card;321.44;4.761905;16.июл;08.мар
85;360-39-5055;2;85;4;1;Male;48.91;5;дек.23;256.78;Cash;244.55;4.761905;дек.23;06.июн
86;730-50-9884;2;86;4;2;Female;83.06;7;29.июл;610.49;Ewallet;581.42;4.761905;29.июл;4.0
87;362-58-8315;2;87;6;2;Male;76.52;5;19.13;401.73;Cash;382.60;4.761905;19.13;09.сен
88;633-44-8566;1;88;5;1;Male;49.38;7;17.28;362.94;Credit card;345.66;4.761905;17.28;07.мар
89;504-35-8843;1;89;4;2;Male;42.47;1;02.дек;44.59;Cash;42.47;4.761905;02.дек;05.июл
90;318-68-5053;3;90;1;2;Female;76.99;6;23.окт;485.04;Cash;461.94;4.761905;23.окт;06.янв
91;565-80-5980;2;91;3;1;Female;47.38;4;сен.48;199.00;Cash;189.52;4.761905;сен.48;07.янв
92;225-32-0908;2;92;4;2;Female;44.86;10;22.43;471.03;Ewallet;448.60;4.761905;22.43;08.фев
93;873-51-0671;1;93;4;1;Female;21.98;7;июл.69;161.55;Ewallet;153.86;4.761905;июл.69;05.янв
94;152-08-9985;3;94;1;1;Male;64.36;9;28.96;608.20;Credit card;579.24;4.761905;28.96;08.июн
95;512-91-0811;2;95;1;2;Male;89.75;1;апр.49;94.24;Credit card;89.75;4.761905;апр.49;06.июн
96;594-34-4444;1;96;2;2;Male;97.16;1;апр.86;102.02;Ewallet;97.16;4.761905;апр.86;07.фев
97;766-85-7061;3;97;1;2;Male;87.87;10;43.94;922.64;Ewallet;878.70;4.761905;43.94;05.янв
98;871-39-9221;2;98;2;2;Female;дек.45;6;мар.74;78.44;Cash;74.70;4.761905;мар.74;04.янв
99;865-92-6136;1;99;5;2;Male;52.75;3;июл.91;166.16;Ewallet;158.25;4.761905;июл.91;09.мар
100;733-01-9107;3;100;3;2;Male;82.70;6;24.81;521.01;Cash;496.20;4.761905;24.81;07.апр
101;163-56-7055;2;101;6;1;Male;48.71;1;фев.44;51.15;Cash;48.71;4.761905;фев.44;04.янв
102;189-98-2939;2;102;6;2;Male;78.55;9;35.35;742.30;Cash;706.95;4.761905;35.35;07.фев
103;551-21-3069;2;103;2;2;Female;23.июл;9;окт.38;218.01;Cash;207.63;4.761905;окт.38;04.сен
104;212-62-1842;1;104;5;2;Male;58.26;6;17.48;367.04;Cash;349.56;4.761905;17.48;09.сен
105;716-39-1409;3;105;1;2;Male;30.35;7;окт.62;223.07;Cash;212.45;4.761905;окт.62;8.0
106;704-48-3927;1;106;2;1;Male;88.67;10;44.34;931.04;Ewallet;886.70;4.761905;44.34;07.мар
107;628-34-3388;2;107;6;2;Male;27.38;6;авг.21;172.49;Credit card;164.28;4.761905;авг.21;07.сен
108;630-74-5166;1;108;4;2;Male;62.13;6;18.64;391.42;Cash;372.78;4.761905;18.64;07.апр
109;588-01-7461;2;109;5;2;Female;33.98;9;15.29;321.11;Cash;305.82;4.761905;15.29;04.фев
110;861-77-0145;2;110;2;1;Male;81.97;10;40.99;860.69;Cash;819.70;4.761905;40.99;09.фев
111;479-26-8945;3;111;4;1;Female;16.49;2;янв.65;34.63;Ewallet;32.98;4.761905;янв.65;04.июн
112;210-67-5886;2;112;1;1;Female;98.21;3;14.73;309.36;Credit card;294.63;4.761905;14.73;07.авг
113;227-78-1148;3;113;6;2;Female;72.84;7;25.49;535.37;Cash;509.88;4.761905;25.49;08.апр
114;645-44-1170;1;114;3;1;Male;58.07;9;26.13;548.76;Ewallet;522.63;4.761905;26.13;04.мар
115;237-01-6122;2;115;3;1;Female;80.79;9;36.36;763.47;Credit card;727.11;4.761905;36.36;09.май
116;225-98-1496;2;116;6;2;Female;27.фев;3;04.май;85.11;Credit card;81.06;4.761905;04.май;07.янв
117;291-32-1427;3;117;6;1;Male;21.94;5;май.49;115.19;Ewallet;109.70;4.761905;май.49;05.мар
118;659-65-8956;3;118;6;1;Male;51.36;1;фев.57;53.93;Ewallet;51.36;4.761905;фев.57;05.фев
119;642-32-2990;1;119;5;2;Female;окт.96;10;май.48;115.08;Ewallet;109.60;4.761905;май.48;6.0
120;378-24-2715;3;120;3;2;Male;53.44;2;май.34;112.22;Ewallet;106.88;4.761905;май.34;04.янв
121;638-60-7125;1;121;2;2;Female;99.56;8;39.82;836.30;Credit card;796.48;4.761905;39.82;05.фев
122;659-36-1684;2;122;4;1;Male;57.12;7;19.99;419.83;Credit card;399.84;4.761905;19.99;06.май
123;219-22-9386;3;123;4;1;Male;99.96;9;44.98;944.62;Credit card;899.64;4.761905;44.98;04.фев
124;336-78-2147;2;124;3;1;Male;63.91;8;25.56;536.84;Credit card;511.28;4.761905;25.56;04.июн
125;268-27-6179;3;125;6;1;Female;56.47;8;22.59;474.35;Ewallet;451.76;4.761905;22.59;07.мар
126;668-90-8900;1;126;3;2;Female;93.69;7;32.79;688.62;Credit card;655.83;4.761905;32.79;04.май
127;870-54-3162;1;127;4;2;Female;32.25;5;08.июн;169.31;Cash;161.25;4.761905;08.июн;9.0
128;189-08-9157;2;128;6;2;Female;31.73;9;14.28;299.85;Credit card;285.57;4.761905;14.28;05.сен
129;663-86-9076;2;129;5;1;Female;68.54;8;27.42;575.74;Ewallet;548.32;4.761905;27.42;08.май
130;549-84-7482;3;130;4;2;Female;90.28;9;40.63;853.15;Ewallet;812.52;4.761905;40.63;07.фев
131;191-10-6171;3;131;6;2;Female;39.62;7;13.87;291.21;Cash;277.34;4.761905;13.87;07.май
132;802-70-5316;1;132;4;1;Female;92.13;6;27.64;580.42;Cash;552.78;4.761905;27.64;08.мар
133;695-51-0018;3;133;4;2;Female;34.84;4;июн.97;146.33;Cash;139.36;4.761905;июн.97;07.апр
134;590-83-4591;3;134;2;1;Male;87.45;6;26.24;550.94;Credit card;524.70;4.761905;26.24;08.авг
135;483-71-1164;2;135;1;2;Female;81.30;6;24.39;512.19;Ewallet;487.80;4.761905;24.39;05.мар
136;597-78-7908;2;136;6;2;Male;90.22;3;13.53;284.19;Cash;270.66;4.761905;13.53;06.фев
137;700-81-1757;1;137;2;2;Female;26.31;5;июн.58;138.13;Credit card;131.55;4.761905;июн.58;08.авг
138;354-39-5160;1;138;3;1;Female;34.42;6;окт.33;216.85;Cash;206.52;4.761905;окт.33;09.авг
139;241-72-9525;3;139;4;2;Male;51.91;10;25.96;545.06;Cash;519.10;4.761905;25.96;08.фев
140;575-30-8091;1;140;4;2;Male;72.50;8;29.00;609.00;Ewallet;580.00;4.761905;29.00;09.фев
141;731-81-9469;2;141;4;1;Female;89.80;10;44.90;942.90;Credit card;898.00;4.761905;44.90;05.апр
142;280-17-4359;2;142;1;1;Male;90.50;10;45.25;950.25;Cash;905.00;4.761905;45.25;08.янв
143;338-65-2210;2;143;1;1;Female;68.60;10;34.30;720.30;Cash;686.00;4.761905;34.30;09.янв
144;488-25-4221;2;144;5;1;Female;30.41;1;янв.52;31.93;Credit card;30.41;4.761905;янв.52;08.апр
145;239-10-7476;1;145;3;2;Female;77.95;6;23.39;491.09;Ewallet;467.70;4.761905;23.39;8.0
146;458-41-1477;2;146;1;2;Female;46.26;6;13.88;291.44;Credit card;277.56;4.761905;13.88;09.май
147;685-64-1609;1;147;6;1;Female;30.14;10;15.июл;316.47;Ewallet;301.40;4.761905;15.июл;09.фев
148;568-90-5112;2;148;1;2;Male;66.14;4;13.23;277.79;Credit card;264.56;4.761905;13.23;05.июн
149;262-47-2794;3;149;3;1;Male;71.86;8;28.74;603.62;Credit card;574.88;4.761905;28.74;06.фев
150;238-49-0436;1;150;1;2;Male;32.46;8;дек.98;272.66;Credit card;259.68;4.761905;дек.98;04.сен
151;608-96-3517;3;151;6;1;Female;91.54;4;18.31;384.47;Credit card;366.16;4.761905;18.31;04.авг
152;584-86-7256;2;152;4;1;Male;34.56;7;12.окт;254.02;Credit card;241.92;4.761905;12.окт;07.мар
153;746-94-0204;1;153;6;2;Male;83.24;9;37.46;786.62;Credit card;749.16;4.761905;37.46;07.апр
154;214-17-6927;2;154;5;2;Female;16.48;6;апр.94;103.82;Ewallet;98.88;4.761905;апр.94;09.сен
155;400-89-4171;2;155;4;2;Female;80.97;8;32.39;680.15;Cash;647.76;4.761905;32.39;09.мар
156;782-95-9291;1;156;5;1;Male;92.29;5;23.июл;484.52;Credit card;461.45;4.761905;23.июл;9.0
157;279-74-2924;3;157;2;1;Male;72.17;1;мар.61;75.78;Cash;72.17;4.761905;мар.61;06.янв
158;307-85-2293;3;158;3;2;Male;50.28;5;дек.57;263.97;Ewallet;251.40;4.761905;дек.57;09.июл
159;743-04-1105;3;159;1;1;Male;97.22;9;43.75;918.73;Ewallet;874.98;4.761905;43.75;6.0
160;423-57-2993;3;160;4;2;Male;93.39;6;28.фев;588.36;Ewallet;560.34;4.761905;28.фев;10.0
161;894-41-5205;2;161;5;2;Female;43.18;8;17.27;362.71;Credit card;345.44;4.761905;17.27;08.мар
162;275-28-0149;1;162;4;2;Male;63.69;1;мар.18;66.87;Cash;63.69;4.761905;мар.18;6.0
163;101-17-6199;1;163;5;2;Male;45.79;7;16.мар;336.56;Credit card;320.53;4.761905;16.мар;7.0
164;423-80-0988;2;164;4;2;Male;76.40;2;июл.64;160.44;Ewallet;152.80;4.761905;июл.64;06.май
165;548-46-9322;3;165;5;2;Male;39.90;10;19.95;418.95;Credit card;399.00;4.761905;19.95;05.сен
166;505-02-0892;3;166;1;1;Male;42.57;8;17.мар;357.59;Ewallet;340.56;4.761905;17.мар;05.июн
167;234-65-2137;2;167;3;2;Male;95.58;10;47.79;1003.59;Cash;955.80;4.761905;47.79;04.авг
168;687-47-8271;1;168;6;2;Male;98.98;10;49.49;1039.29;Credit card;989.80;4.761905;49.49;08.июл
169;796-32-9050;1;169;5;2;Male;51.28;6;15.38;323.06;Cash;307.68;4.761905;15.38;06.май
170;105-31-1824;1;170;4;1;Male;69.52;7;24.33;510.97;Credit card;486.64;4.761905;24.33;08.май
171;249-42-3782;1;171;1;2;Male;70.01;5;17.50;367.55;Ewallet;350.05;4.761905;17.50;05.май
172;316-55-4634;3;172;5;1;Male;80.05;5;20.янв;420.26;Credit card;400.25;4.761905;20.янв;09.апр
173;733-33-4967;2;173;2;2;Male;20.85;8;авг.34;175.14;Cash;166.80;4.761905;авг.34;06.мар
174;608-27-6295;3;174;2;1;Male;52.89;6;15.87;333.21;Credit card;317.34;4.761905;15.87;09.авг
175;414-12-7047;3;175;5;2;Male;19.79;8;июл.92;166.24;Ewallet;158.32;4.761905;июл.92;08.июл
176;827-26-2100;1;176;3;1;Male;33.84;9;15.23;319.79;Ewallet;304.56;4.761905;15.23;08.авг
177;175-54-2529;1;177;5;1;Male;22.17;8;авг.87;186.23;Credit card;177.36;4.761905;авг.87;09.июн
178;139-52-2867;2;178;6;2;Female;22.51;7;июл.88;165.45;Credit card;157.57;4.761905;июл.88;04.авг
179;407-63-8975;1;179;5;2;Male;73.88;6;22.16;465.44;Ewallet;443.28;4.761905;22.16;04.апр
180;342-65-4817;2;180;1;1;Male;86.80;3;13.фев;273.42;Ewallet;260.40;4.761905;13.фев;09.сен
181;130-98-8941;2;181;6;2;Male;64.26;7;22.49;472.31;Cash;449.82;4.761905;22.49;05.июл
182;434-83-9547;2;182;5;1;Male;38.47;8;15.39;323.15;Cash;307.76;4.761905;15.39;07.июл
183;851-28-6367;1;183;4;1;Male;15.50;10;июл.75;162.75;Ewallet;155.00;4.761905;июл.75;8.0
184;824-88-3614;2;184;1;2;Male;34.31;8;13.72;288.20;Ewallet;274.48;4.761905;13.72;05.июл
185;586-25-0848;1;185;4;2;Female;дек.34;7;апр.32;90.70;Credit card;86.38;4.761905;апр.32;06.июл
186;895-66-0685;3;186;5;1;Male;18.авг;3;фев.71;56.95;Ewallet;54.24;4.761905;фев.71;8.0
187;305-14-0245;3;187;3;1;Female;94.49;8;37.80;793.72;Ewallet;755.92;4.761905;37.80;07.май
188;732-04-5373;3;188;3;1;Male;46.47;4;сен.29;195.17;Cash;185.88;4.761905;сен.29;7.0
189;400-60-7251;1;189;3;2;Male;74.07;1;мар.70;77.77;Ewallet;74.07;4.761905;мар.70;09.сен
190;593-65-1552;2;190;3;2;Female;69.81;4;13.96;293.20;Credit card;279.24;4.761905;13.96;05.сен
191;284-34-9626;3;191;3;2;Female;77.04;3;ноя.56;242.68;Credit card;231.12;4.761905;ноя.56;07.фев
192;437-58-8131;3;192;6;2;Female;73.52;2;июл.35;154.39;Ewallet;147.04;4.761905;июл.35;04.июн
193;286-43-6208;2;193;5;2;Female;87.80;9;39.51;829.71;Cash;790.20;4.761905;39.51;09.фев
194;641-43-2399;3;194;3;2;Male;25.55;4;05.ноя;107.31;Ewallet;102.20;4.761905;05.ноя;05.июл
195;831-07-6050;1;195;2;2;Male;32.71;5;авг.18;171.73;Credit card;163.55;4.761905;авг.18;09.сен
196;556-86-3144;2;196;6;1;Female;74.29;1;мар.71;78.00;Cash;74.29;4.761905;мар.71;5.0
197;848-24-9445;2;197;1;1;Male;43.70;2;апр.37;91.77;Cash;87.40;4.761905;апр.37;04.сен
198;856-22-8149;1;198;3;2;Female;25.29;1;янв.26;26.55;Ewallet;25.29;4.761905;янв.26;06.янв
199;699-01-4164;2;199;1;2;Male;41.50;4;авг.30;174.30;Credit card;166.00;4.761905;авг.30;08.фев
200;420-11-4919;2;200;5;1;Female;71.39;5;17.85;374.80;Credit card;356.95;4.761905;17.85;05.май
201;606-80-4905;2;201;4;1;Female;19.15;6;май.75;120.65;Credit card;114.90;4.761905;май.75;06.авг
202;542-41-0513;3;202;2;1;Female;57.49;4;ноя.50;241.46;Cash;229.96;4.761905;ноя.50;06.июн
203;426-39-2418;2;203;2;2;Male;61.41;7;21.49;451.36;Cash;429.87;4.761905;21.49;09.авг
204;875-46-5808;3;204;1;1;Male;25.90;10;дек.95;271.95;Ewallet;259.00;4.761905;дек.95;08.июл
205;394-43-4238;3;205;3;1;Male;17.77;5;апр.44;93.29;Credit card;88.85;4.761905;апр.44;05.апр
206;749-24-1565;1;206;1;2;Female;23.мар;9;окт.36;217.63;Ewallet;207.27;4.761905;окт.36;07.сен
207;672-51-8681;2;207;2;1;Female;66.65;9;29.99;629.84;Credit card;599.85;4.761905;29.99;09.июл
208;263-87-5680;2;208;3;1;Female;28.53;10;14.27;299.57;Ewallet;285.30;4.761905;14.27;07.авг
209;573-58-9734;3;209;6;2;Female;30.37;3;апр.56;95.67;Ewallet;91.11;4.761905;апр.56;05.янв
210;817-69-8206;3;210;2;2;Female;99.73;9;44.88;942.45;Credit card;897.57;4.761905;44.88;06.май
211;888-02-0338;1;211;2;2;Male;26.23;9;ноя.80;247.87;Ewallet;236.07;4.761905;ноя.80;05.сен
212;677-11-0152;2;212;5;2;Female;93.26;9;41.97;881.31;Cash;839.34;4.761905;41.97;08.авг
213;142-63-6033;3;213;3;2;Male;92.36;5;23.сен;484.89;Ewallet;461.80;4.761905;23.сен;04.сен
214;656-16-1063;3;214;4;2;Male;46.42;3;июн.96;146.22;Credit card;139.26;4.761905;июн.96;04.апр
215;891-58-8335;3;215;4;1;Female;29.61;7;окт.36;217.63;Cash;207.27;4.761905;окт.36;06.май
216;802-43-8934;1;216;3;2;Male;18.28;1;0.91;19.19;Credit card;18.28;4.761905;0.91;08.мар
217;560-30-5617;3;217;4;2;Female;24.77;5;июн.19;130.04;Cash;123.85;4.761905;июн.19;08.май
218;319-74-2561;1;218;2;1;Female;94.64;3;14.20;298.12;Cash;283.92;4.761905;14.20;05.май
219;549-03-9315;3;219;6;2;Male;94.87;8;37.95;796.91;Ewallet;758.96;4.761905;37.95;08.июл
220;790-29-1172;3;220;5;2;Female;57.34;3;авг.60;180.62;Credit card;172.02;4.761905;авг.60;07.сен
221;239-36-3640;3;221;2;2;Male;45.35;6;13.61;285.71;Ewallet;272.10;4.761905;13.61;06.янв
222;468-01-2051;3;222;5;2;Male;62.08;7;21.73;456.29;Ewallet;434.56;4.761905;21.73;05.апр
223;389-25-3394;2;223;2;2;Male;ноя.81;5;фев.95;62.00;Cash;59.05;4.761905;фев.95;09.апр
224;279-62-1445;2;224;6;1;Female;дек.54;1;0.63;13.17;Cash;дек.54;4.761905;0.63;08.фев
225;213-72-6612;1;225;5;2;Male;43.25;2;апр.33;90.83;Cash;86.50;4.761905;апр.33;06.фев
226;746-68-6593;2;226;4;1;Female;87.16;2;авг.72;183.04;Credit card;174.32;4.761905;авг.72;09.июл
227;836-82-5858;3;227;1;1;Male;69.37;9;31.22;655.55;Ewallet;624.33;4.761905;31.22;4.0
228;583-72-1480;2;228;2;1;Male;37.06;4;июл.41;155.65;Ewallet;148.24;4.761905;июл.41;09.июл
229;466-61-5506;3;229;2;1;Female;90.70;6;27.21;571.41;Cash;544.20;4.761905;27.21;05.мар
230;721-86-6247;1;230;3;2;Female;63.42;8;25.37;532.73;Ewallet;507.36;4.761905;25.37;07.апр
231;289-65-5721;3;231;6;2;Female;81.37;2;авг.14;170.88;Cash;162.74;4.761905;авг.14;06.май
232;545-46-3100;3;232;2;1;Female;окт.59;3;янв.59;33.36;Credit card;31.77;4.761905;янв.59;08.июл
233;418-02-5978;3;233;1;2;Female;84.09;9;37.84;794.65;Cash;756.81;4.761905;37.84;8.0
234;269-04-5750;3;234;6;1;Male;73.82;4;14.76;310.04;Cash;295.28;4.761905;14.76;06.июл
235;157-13-5295;1;235;1;1;Male;51.94;10;25.97;545.37;Ewallet;519.40;4.761905;25.97;06.май
236;645-78-8093;1;236;4;2;Female;93.14;2;сен.31;195.59;Ewallet;186.28;4.761905;сен.31;04.янв
237;211-30-9270;2;237;1;2;Male;17.41;5;апр.35;91.40;Credit card;87.05;4.761905;апр.35;04.сен
238;755-12-3214;2;238;6;1;Female;44.22;5;11.июн;232.16;Credit card;221.10;4.761905;11.июн;08.июн
239;346-84-3103;3;239;2;1;Female;13.22;5;мар.31;69.41;Cash;66.10;4.761905;мар.31;04.мар
240;478-06-7835;1;240;6;2;Male;89.69;1;апр.48;94.17;Ewallet;89.69;4.761905;апр.48;04.сен
241;540-11-4336;1;241;5;2;Male;24.94;9;ноя.22;235.68;Credit card;224.46;4.761905;ноя.22;05.июн
242;448-81-5016;1;242;1;2;Male;59.77;2;май.98;125.52;Credit card;119.54;4.761905;май.98;05.авг
243;142-72-4741;2;243;6;1;Male;93.20;2;сен.32;195.72;Credit card;186.40;4.761905;сен.32;6.0
244;217-58-1179;1;244;3;1;Male;62.65;4;дек.53;263.13;Cash;250.60;4.761905;дек.53;04.фев
245;376-02-8238;3;245;3;2;Male;93.87;8;37.55;788.51;Credit card;750.96;4.761905;37.55;08.мар
246;530-90-9855;1;246;3;1;Male;47.59;8;19.апр;399.76;Cash;380.72;4.761905;19.апр;05.июл
247;866-05-7563;3;247;2;1;Female;81.40;3;дек.21;256.41;Cash;244.20;4.761905;дек.21;04.авг
248;604-70-6476;1;248;6;1;Male;17.94;5;апр.49;94.19;Ewallet;89.70;4.761905;апр.49;06.авг
249;799-71-1548;1;249;2;1;Male;77.72;4;15.54;326.42;Credit card;310.88;4.761905;15.54;08.авг
250;785-13-7708;3;250;5;2;Male;73.06;7;25.57;536.99;Credit card;511.42;4.761905;25.57;04.фев
251;845-51-0542;3;251;5;1;Male;46.55;9;20.95;439.90;Ewallet;418.95;4.761905;20.95;06.апр
252;662-47-5456;2;252;6;1;Male;35.19;10;17.60;369.50;Credit card;351.90;4.761905;17.60;08.апр
253;883-17-4236;2;253;4;2;Female;14.39;2;янв.44;30.22;Credit card;28.78;4.761905;янв.44;07.фев
254;290-68-2984;1;254;3;2;Male;23.75;4;апр.75;99.75;Cash;95.00;4.761905;апр.75;05.фев
255;704-11-6354;1;255;3;1;Male;58.90;8;23.56;494.76;Cash;471.20;4.761905;23.56;08.сен
256;110-48-7033;3;256;6;1;Male;32.62;4;июн.52;137.00;Cash;130.48;4.761905;июн.52;9.0
257;366-93-0948;1;257;2;1;Male;66.35;1;мар.32;69.67;Credit card;66.35;4.761905;мар.32;09.июл
258;729-09-9681;1;258;3;1;Male;25.91;6;июл.77;163.23;Ewallet;155.46;4.761905;июл.77;08.июл
259;151-16-1484;1;259;2;1;Male;32.25;4;июн.45;135.45;Ewallet;129.00;4.761905;июн.45;06.май
260;380-94-4661;2;260;2;1;Male;65.94;4;13.19;276.95;Credit card;263.76;4.761905;13.19;06.сен
261;850-41-9669;1;261;2;2;Female;75.06;9;33.78;709.32;Ewallet;675.54;4.761905;33.78;06.фев
262;821-07-3596;2;262;6;2;Female;16.45;4;мар.29;69.09;Ewallet;65.80;4.761905;мар.29;05.июн
263;655-85-5130;3;263;6;1;Female;38.30;4;июл.66;160.86;Cash;153.20;4.761905;июл.66;05.июл
264;447-15-7839;1;264;4;1;Female;22.24;10;11.дек;233.52;Cash;222.40;4.761905;11.дек;04.фев
265;154-74-7179;3;265;4;2;Male;54.45;1;фев.72;57.17;Ewallet;54.45;4.761905;фев.72;07.сен
266;253-12-6086;1;266;4;1;Female;98.40;7;34.44;723.24;Credit card;688.80;4.761905;34.44;08.июл
267;808-65-0703;2;267;3;2;Male;35.47;4;07.сен;148.97;Credit card;141.88;4.761905;07.сен;06.сен
268;571-94-0759;3;268;5;1;Female;74.60;10;37.30;783.30;Cash;746.00;4.761905;37.30;09.май
269;144-51-6085;1;269;3;1;Male;70.74;4;14.15;297.11;Credit card;282.96;4.761905;14.15;04.апр
270;731-14-2199;1;270;3;1;Female;35.54;10;17.77;373.17;Ewallet;355.40;4.761905;17.77;7.0
271;783-09-1637;3;271;4;2;Female;67.43;5;16.86;354.01;Ewallet;337.15;4.761905;16.86;06.мар
272;687-15-1097;2;272;1;1;Female;21.дек;2;02.ноя;44.35;Cash;42.24;4.761905;02.ноя;09.июл
273;126-54-1082;1;273;3;1;Female;21.54;9;сен.69;203.55;Credit card;193.86;4.761905;сен.69;08.авг
274;633-91-1052;1;274;3;2;Female;12.мар;2;янв.20;25.26;Cash;24.июн;4.761905;янв.20;05.янв
275;477-24-6490;3;275;1;2;Female;99.71;6;29.91;628.17;Ewallet;598.26;4.761905;29.91;07.сен
276;566-19-5475;3;276;6;2;Male;47.97;7;16.79;352.58;Cash;335.79;4.761905;16.79;06.фев
277;526-86-8552;2;277;3;1;Female;21.82;10;окт.91;229.11;Cash;218.20;4.761905;окт.91;07.янв
278;376-56-3573;2;278;6;2;Female;95.42;4;19.авг;400.76;Ewallet;381.68;4.761905;19.авг;06.апр
279;537-72-0426;2;279;6;1;Male;70.99;10;35.50;745.40;Cash;709.90;4.761905;35.50;05.июл
280;828-61-5674;1;280;4;1;Male;44.02;10;22.янв;462.21;Credit card;440.20;4.761905;22.янв;09.июн
281;136-08-6195;1;281;3;2;Female;69.96;8;27.98;587.66;Credit card;559.68;4.761905;27.98;06.апр
282;523-38-0215;2;282;3;2;Male;37.00;1;янв.85;38.85;Credit card;37.00;4.761905;янв.85;07.сен
283;490-29-1201;1;283;4;2;Female;15.34;1;0.77;16.ноя;Cash;15.34;4.761905;0.77;06.май
284;667-92-0055;1;284;1;1;Male;99.83;6;29.95;628.93;Ewallet;598.98;4.761905;29.95;08.май
285;565-17-3836;1;285;1;1;Female;47.67;4;сен.53;200.21;Cash;190.68;4.761905;сен.53;09.янв
286;498-41-1961;3;286;1;2;Male;66.68;5;16.67;350.07;Cash;333.40;4.761905;16.67;07.июн
287;593-95-4461;2;287;3;1;Male;74.86;1;мар.74;78.60;Cash;74.86;4.761905;мар.74;06.сен
288;226-71-3580;2;288;4;2;Female;23.75;9;окт.69;224.44;Cash;213.75;4.761905;окт.69;09.май
289;283-79-9594;3;289;5;2;Female;48.51;7;16.98;356.55;Credit card;339.57;4.761905;16.98;05.фев
290;430-60-3493;1;290;3;1;Female;94.88;7;33.21;697.37;Cash;664.16;4.761905;33.21;04.фев
291;139-20-0155;3;291;2;1;Male;40.30;10;20.15;423.15;Credit card;403.00;4.761905;20.15;7.0
292;558-80-4082;2;292;2;2;Male;27.85;7;сен.75;204.70;Ewallet;194.95;4.761905;сен.75;6.0
293;278-97-7759;1;293;2;1;Female;62.48;1;03.дек;65.60;Cash;62.48;4.761905;03.дек;04.июл
294;316-68-6352;1;294;5;1;Female;36.36;2;мар.64;76.36;Cash;72.72;4.761905;мар.64;07.янв
295;585-03-5943;3;295;1;2;Male;18.ноя;10;09.июн;190.16;Ewallet;181.10;4.761905;09.июн;05.сен
296;211-05-0490;2;296;2;1;Female;51.92;5;дек.98;272.58;Cash;259.60;4.761905;дек.98;07.май
297;727-75-6477;2;297;2;2;Male;28.84;4;май.77;121.13;Cash;115.36;4.761905;май.77;06.апр
298;744-02-5987;1;298;3;1;Male;78.38;6;23.51;493.79;Ewallet;470.28;4.761905;23.51;05.авг
299;307-83-9164;1;299;3;1;Male;60.01;4;12.00;252.04;Cash;240.04;4.761905;12.00;04.май
300;779-06-0012;2;300;3;1;Female;88.61;1;апр.43;93.04;Cash;88.61;4.761905;апр.43;07.июл
301;446-47-6729;2;301;6;2;Male;99.82;2;сен.98;209.62;Credit card;199.64;4.761905;сен.98;06.июл
302;573-10-3877;3;302;1;1;Male;39.01;1;янв.95;40.96;Credit card;39.01;4.761905;янв.95;04.июл
303;735-06-4124;2;303;5;2;Male;48.61;1;фев.43;51.04;Cash;48.61;4.761905;фев.43;04.апр
304;439-54-7422;1;304;2;2;Female;51.19;4;окт.24;215.00;Credit card;204.76;4.761905;окт.24;04.июл
305;396-90-2219;3;305;2;2;Female;14.96;8;май.98;125.66;Cash;119.68;4.761905;май.98;08.июн
306;411-77-0180;1;306;2;1;Male;72.20;7;25.27;530.67;Ewallet;505.40;4.761905;25.27;04.мар
307;286-01-5402;1;307;4;2;Female;40.23;7;14.авг;295.69;Cash;281.61;4.761905;14.авг;09.июн
308;803-17-8013;1;308;3;1;Female;88.79;8;35.52;745.84;Cash;710.32;4.761905;35.52;04.янв
309;512-98-1403;1;309;2;1;Female;26.48;3;мар.97;83.41;Ewallet;79.44;4.761905;мар.97;04.июл
310;848-42-2560;1;310;6;2;Female;81.91;2;авг.19;172.01;Cash;163.82;4.761905;авг.19;07.авг
311;532-59-7201;3;311;4;1;Male;79.93;6;23.98;503.56;Cash;479.58;4.761905;23.98;05.май
312;181-94-6432;2;312;6;1;Male;69.33;2;июн.93;145.59;Ewallet;138.66;4.761905;июн.93;09.июл
313;870-76-1733;1;313;5;1;Female;14.23;5;мар.56;74.71;Credit card;71.15;4.761905;мар.56;04.апр
314;423-64-4619;1;314;1;1;Female;15.55;9;7.00;146.95;Cash;139.95;4.761905;7.00;5.0
315;227-07-4446;2;315;2;1;Female;78.13;10;39.07;820.37;Cash;781.30;4.761905;39.07;04.апр
316;174-36-3675;2;316;5;1;Male;99.37;2;сен.94;208.68;Cash;198.74;4.761905;сен.94;05.фев
317;428-83-5800;2;317;5;1;Female;21.авг;3;мар.16;66.40;Cash;63.24;4.761905;мар.16;07.мар
318;603-07-0961;2;318;2;1;Male;74.79;5;18.70;392.65;Cash;373.95;4.761905;18.70;04.сен
319;704-20-4138;2;319;1;1;Female;29.67;7;окт.38;218.07;Credit card;207.69;4.761905;окт.38;08.янв
320;787-15-1757;2;320;1;1;Male;44.07;4;авг.81;185.09;Ewallet;176.28;4.761905;авг.81;08.апр
321;649-11-3678;2;321;5;2;Female;22.93;9;окт.32;216.69;Cash;206.37;4.761905;окт.32;05.май
322;622-20-1945;2;322;1;2;Female;39.42;1;янв.97;41.39;Cash;39.42;4.761905;янв.97;08.апр
323;372-94-8041;1;323;1;2;Male;15.26;6;апр.58;96.14;Ewallet;91.56;4.761905;апр.58;09.авг
324;563-91-7120;1;324;6;2;Female;61.77;5;15.44;324.29;Cash;308.85;4.761905;15.44;06.июл
325;746-54-5508;1;325;3;2;Male;21.52;6;июн.46;135.58;Credit card;129.12;4.761905;июн.46;09.апр
326;276-54-0879;3;326;4;2;Male;97.74;4;19.55;410.51;Ewallet;390.96;4.761905;19.55;06.апр
327;815-11-1168;1;327;5;1;Male;99.78;5;24.95;523.85;Cash;498.90;4.761905;24.95;05.апр
328;719-76-3868;2;328;5;1;Male;94.26;4;18.85;395.89;Cash;377.04;4.761905;18.85;08.июн
329;730-61-8757;3;329;1;1;Male;51.13;4;окт.23;214.75;Credit card;204.52;4.761905;окт.23;4.0
330;340-66-0321;1;330;2;1;Male;36.36;4;июл.27;152.71;Cash;145.44;4.761905;июл.27;07.июн
331;868-81-1752;3;331;3;2;Male;22.фев;9;сен.91;208.09;Cash;198.18;4.761905;сен.91;06.авг
332;634-97-8956;1;332;5;2;Male;32.90;3;апр.94;103.64;Credit card;98.70;4.761905;апр.94;09.янв
333;566-71-1091;1;333;6;2;Male;77.02;5;19.26;404.36;Cash;385.10;4.761905;19.26;05.май
334;442-48-3607;1;334;5;1;Male;23.48;2;фев.35;49.31;Credit card;46.96;4.761905;фев.35;07.сен
335;835-16-0096;2;335;4;1;Male;14.70;5;мар.68;77.18;Ewallet;73.50;4.761905;мар.68;08.май
336;527-09-6272;1;336;2;1;Female;28.45;5;07.ноя;149.36;Credit card;142.25;4.761905;07.ноя;09.янв
337;898-04-2717;1;337;6;2;Male;76.40;9;34.38;721.98;Ewallet;687.60;4.761905;34.38;07.май
338;692-27-8933;3;338;4;2;Female;57.95;6;17.39;365.09;Cash;347.70;4.761905;17.39;05.фев
339;633-09-3463;2;339;2;2;Female;47.65;3;июл.15;150.10;Credit card;142.95;4.761905;июл.15;09.май
340;374-17-3652;3;340;5;1;Female;42.82;9;19.27;404.65;Credit card;385.38;4.761905;19.27;08.сен
341;378-07-7001;3;341;2;1;Male;48.09;3;июл.21;151.48;Credit card;144.27;4.761905;июл.21;07.авг
342;433-75-6987;3;342;1;1;Female;55.97;7;19.59;411.38;Ewallet;391.79;4.761905;19.59;08.сен
343;873-95-4984;3;343;1;1;Female;76.90;7;26.92;565.22;Cash;538.30;4.761905;26.92;07.июл
344;416-13-5917;2;344;5;2;Female;97.03;5;24.26;509.41;Ewallet;485.15;4.761905;24.26;09.мар
345;150-89-8043;1;345;4;2;Male;44.65;3;июн.70;140.65;Cash;133.95;4.761905;июн.70;06.фев
346;135-84-8019;1;346;6;2;Female;77.93;9;35.07;736.44;Ewallet;701.37;4.761905;35.07;07.июн
347;441-94-7118;1;347;2;1;Male;71.95;1;мар.60;75.55;Cash;71.95;4.761905;мар.60;07.мар
348;725-96-3778;2;348;3;1;Female;89.25;8;35.70;749.70;Cash;714.00;4.761905;35.70;04.июл
349;531-80-1784;1;349;2;2;Male;26.фев;7;09.ноя;191.25;Cash;182.14;4.761905;09.ноя;05.янв
350;400-45-1220;3;350;1;2;Female;13.50;10;июн.75;141.75;Credit card;135.00;4.761905;июн.75;04.авг
351;860-79-0874;2;351;6;1;Female;99.30;10;49.65;1042.65;Credit card;993.00;4.761905;49.65;06.июн
352;834-61-8124;1;352;2;2;Male;51.69;7;18.сен;379.92;Cash;361.83;4.761905;18.сен;05.май
353;115-99-4379;3;353;6;1;Female;54.73;7;19.16;402.27;Credit card;383.11;4.761905;19.16;08.май
354;565-67-6697;3;354;3;1;Male;27.00;9;дек.15;255.15;Cash;243.00;4.761905;дек.15;04.авг
355;320-49-6392;2;355;2;2;Female;30.24;1;янв.51;31.75;Cash;30.24;4.761905;янв.51;08.апр
356;889-04-9723;3;356;5;1;Female;89.14;4;17.83;374.39;Credit card;356.56;4.761905;17.83;07.авг
357;632-90-0281;2;357;6;2;Female;37.55;10;18.78;394.28;Credit card;375.50;4.761905;18.78;09.мар
358;554-42-2417;2;358;4;2;Female;95.44;10;47.72;1002.12;Cash;954.40;4.761905;47.72;05.фев
359;453-63-6187;3;359;2;2;Male;27.50;3;апр.13;86.63;Ewallet;82.50;4.761905;апр.13;06.май
360;578-80-7669;3;360;4;2;Male;74.97;1;мар.75;78.72;Cash;74.97;4.761905;мар.75;05.июн
361;612-36-5536;1;361;5;1;Male;80.96;8;32.38;680.06;Credit card;647.68;4.761905;32.38;07.апр
362;605-72-4132;2;362;5;2;Female;94.47;8;37.79;793.55;Cash;755.76;4.761905;37.79;09.янв
363;471-41-2823;2;363;5;2;Male;99.79;2;сен.98;209.56;Ewallet;199.58;4.761905;сен.98;8.0
364;462-67-9126;1;364;3;2;Male;73.22;6;21.97;461.29;Cash;439.32;4.761905;21.97;07.фев
365;272-27-9238;2;365;5;2;Female;41.24;4;авг.25;173.21;Cash;164.96;4.761905;авг.25;07.янв
366;834-25-9262;2;366;6;2;Female;81.68;4;16.34;343.06;Cash;326.72;4.761905;16.34;09.янв
367;122-61-9553;2;367;2;2;Female;51.32;9;23.сен;484.97;Cash;461.88;4.761905;23.сен;05.июн
368;468-88-0009;1;368;3;1;Male;65.94;4;13.19;276.95;Cash;263.76;4.761905;13.19;6.0
369;613-59-9758;2;369;4;2;Female;14.36;10;июл.18;150.78;Cash;143.60;4.761905;июл.18;05.апр
370;254-31-0042;1;370;2;1;Male;21.50;9;сен.68;203.18;Credit card;193.50;4.761905;сен.68;07.авг
371;201-86-2184;3;371;2;1;Female;26.26;7;сен.19;193.01;Cash;183.82;4.761905;сен.19;09.сен
372;261-12-8671;3;372;6;2;Female;60.96;2;06.окт;128.02;Credit card;121.92;4.761905;06.окт;04.сен
373;730-70-9830;2;373;3;2;Female;70.11;6;21.мар;441.69;Ewallet;420.66;4.761905;21.мар;05.фев
374;382-25-8917;2;374;6;2;Male;42.08;6;дек.62;265.10;Cash;252.48;4.761905;дек.62;08.сен
375;422-29-8786;1;375;3;2;Female;67.09;5;16.77;352.22;Credit card;335.45;4.761905;16.77;09.янв
376;667-23-5919;1;376;6;1;Female;96.70;5;24.18;507.68;Ewallet;483.50;4.761905;24.18;7.0
377;843-01-4703;3;377;3;1;Female;35.38;9;15.92;334.34;Credit card;318.42;4.761905;15.92;09.июн
378;743-88-1662;2;378;4;2;Male;95.49;7;33.42;701.85;Ewallet;668.43;4.761905;33.42;08.июл
379;595-86-2894;2;379;6;1;Male;96.98;4;19.40;407.32;Ewallet;387.92;4.761905;19.40;09.апр
380;182-69-8360;3;380;2;2;Female;23.65;4;апр.73;99.33;Credit card;94.60;4.761905;апр.73;4.0
381;289-15-7034;1;381;4;1;Male;82.33;4;16.47;345.79;Credit card;329.32;4.761905;16.47;07.май
382;462-78-5240;2;382;2;2;Female;26.61;2;фев.66;55.88;Cash;53.22;4.761905;фев.66;04.фев
383;868-52-7573;3;383;5;2;Female;99.69;5;24.92;523.37;Cash;498.45;4.761905;24.92;09.сен
384;153-58-4872;2;384;5;1;Female;74.89;4;14.98;314.54;Ewallet;299.56;4.761905;14.98;04.фев
385;662-72-2873;1;385;5;2;Female;40.94;5;окт.24;214.94;Ewallet;204.70;4.761905;окт.24;09.сен
386;525-88-7307;3;386;4;1;Male;75.82;1;мар.79;79.61;Cash;75.82;4.761905;мар.79;05.авг
387;689-16-9784;2;387;5;2;Male;46.77;6;14.мар;294.65;Cash;280.62;4.761905;14.мар;6.0
388;725-56-0833;1;388;1;2;Female;32.32;10;16.16;339.36;Credit card;323.20;4.761905;16.16;10.0
389;394-41-0748;2;389;6;1;Female;54.07;9;24.33;510.96;Ewallet;486.63;4.761905;24.33;09.май
390;596-42-3999;3;390;5;2;Male;18.22;7;июн.38;133.92;Credit card;127.54;4.761905;июн.38;06.июн
391;541-89-9860;2;391;6;1;Female;80.48;3;12.июл;253.51;Cash;241.44;4.761905;12.июл;08.янв
392;173-82-9529;3;392;6;2;Female;37.95;10;18.98;398.48;Cash;379.50;4.761905;18.98;09.июл
393;563-36-9814;1;393;2;1;Male;76.82;1;мар.84;80.66;Ewallet;76.82;4.761905;мар.84;07.фев
394;308-47-4913;1;394;4;1;Female;52.26;10;26.13;548.73;Credit card;522.60;4.761905;26.13;06.фев
395;885-17-6250;1;395;1;2;Female;79.74;1;мар.99;83.73;Ewallet;79.74;4.761905;мар.99;07.мар
396;726-27-2396;1;396;1;2;Female;77.50;5;19.38;406.88;Ewallet;387.50;4.761905;19.38;04.мар
397;316-01-3952;1;397;5;2;Female;54.27;5;13.57;284.92;Ewallet;271.35;4.761905;13.57;04.июн
398;760-54-1821;3;398;3;2;Male;13.59;9;06.дек;128.43;Cash;122.31;4.761905;06.дек;05.авг
399;793-10-3222;3;399;1;1;Female;41.06;6;дек.32;258.68;Credit card;246.36;4.761905;дек.32;08.мар
400;346-12-3257;3;400;2;1;Male;19.24;9;авг.66;181.82;Cash;173.16;4.761905;авг.66;8.0
401;110-05-6330;2;401;5;2;Female;39.43;6;ноя.83;248.41;Credit card;236.58;4.761905;ноя.83;09.апр
402;651-61-0874;2;402;3;2;Male;46.22;4;сен.24;194.12;Credit card;184.88;4.761905;сен.24;06.фев
403;236-86-3015;2;403;3;1;Male;13.98;1;0.70;14.68;Ewallet;13.98;4.761905;0.70;09.авг
404;831-64-0259;3;404;6;2;Female;39.75;5;сен.94;208.69;Ewallet;198.75;4.761905;сен.94;09.июн
405;587-03-7455;2;405;6;1;Female;97.79;7;34.23;718.76;Ewallet;684.53;4.761905;34.23;04.сен
406;882-40-4577;1;406;4;1;Male;67.26;4;13.45;282.49;Credit card;269.04;4.761905;13.45;8.0
407;732-67-5346;1;407;5;2;Male;13.79;5;мар.45;72.40;Credit card;68.95;4.761905;мар.45;07.авг
408;725-32-9708;3;408;6;1;Female;68.71;4;13.74;288.58;Cash;274.84;4.761905;13.74;04.янв
409;256-08-8343;1;409;3;2;Female;56.53;4;ноя.31;237.43;Ewallet;226.12;4.761905;ноя.31;05.май
410;372-26-1506;2;410;6;2;Female;23.82;5;май.96;125.06;Ewallet;119.10;4.761905;май.96;05.апр
411;244-08-0162;3;411;1;2;Female;34.21;10;17.ноя;359.21;Cash;342.10;4.761905;17.ноя;05.янв
412;569-71-4390;3;412;4;2;Male;21.87;2;фев.19;45.93;Ewallet;43.74;4.761905;фев.19;06.сен
413;132-23-6451;1;413;1;1;Male;20.97;5;май.24;110.09;Cash;104.85;4.761905;май.24;07.авг
414;696-90-2548;1;414;4;2;Male;25.84;3;мар.88;81.40;Ewallet;77.52;4.761905;мар.88;06.июн
415;472-15-9636;1;415;3;2;Male;50.93;8;20.37;427.81;Ewallet;407.44;4.761905;20.37;09.фев
416;268-03-6164;3;416;1;2;Male;96.11;1;апр.81;100.92;Ewallet;96.11;4.761905;апр.81;07.авг
417;750-57-9686;2;417;3;2;Female;45.38;4;09.авг;190.60;Credit card;181.52;4.761905;09.авг;08.июл
418;186-09-3669;2;418;1;1;Female;81.51;1;04.авг;85.59;Ewallet;81.51;4.761905;04.авг;09.фев
419;848-07-1692;3;419;1;2;Female;57.22;2;май.72;120.16;Ewallet;114.44;4.761905;май.72;08.мар
420;745-71-3520;1;420;2;1;Female;25.22;7;авг.83;185.37;Cash;176.54;4.761905;авг.83;08.фев
421;266-76-6436;2;421;5;1;Female;38.60;3;май.79;121.59;Ewallet;115.80;4.761905;май.79;07.май
422;740-22-2500;2;422;2;2;Female;84.05;3;дек.61;264.76;Cash;252.15;4.761905;дек.61;09.авг
423;271-88-8734;2;423;6;1;Female;97.21;10;48.61;1020.71;Credit card;972.10;4.761905;48.61;08.июл
424;301-81-8610;3;424;6;1;Male;25.42;8;окт.17;213.53;Credit card;203.36;4.761905;окт.17;06.июл
425;489-64-4354;2;425;6;2;Male;16.28;1;0.81;17.сен;Cash;16.28;4.761905;0.81;5.0
426;198-84-7132;3;426;6;1;Male;40.61;9;18.27;383.76;Cash;365.49;4.761905;18.27;7.0
427;269-10-8440;1;427;1;1;Male;53.17;7;18.61;390.80;Cash;372.19;4.761905;18.61;08.сен
428;650-98-6268;3;428;5;1;Female;20.87;3;мар.13;65.74;Credit card;62.61;4.761905;мар.13;8.0
429;741-73-3559;3;429;4;2;Male;67.27;5;16.82;353.17;Cash;336.35;4.761905;16.82;06.сен
430;325-77-6186;1;430;3;1;Female;90.65;10;45.33;951.83;Ewallet;906.50;4.761905;45.33;07.мар
431;286-75-7818;3;431;6;2;Male;69.08;2;июн.91;145.07;Credit card;138.16;4.761905;июн.91;06.сен
432;574-57-9721;2;432;5;2;Male;43.27;2;апр.33;90.87;Ewallet;86.54;4.761905;апр.33;05.июл
433;459-50-7686;1;433;2;2;Female;23.46;6;07.апр;147.80;Ewallet;140.76;4.761905;07.апр;06.апр
434;616-87-0016;3;434;6;2;Male;95.54;7;33.44;702.22;Credit card;668.78;4.761905;33.44;09.июн
435;837-55-7229;3;435;6;2;Female;47.44;1;фев.37;49.81;Credit card;47.44;4.761905;фев.37;06.авг
436;751-69-0068;2;436;4;2;Male;99.24;9;44.66;937.82;Ewallet;893.16;4.761905;44.66;9.0
437;257-73-1380;2;437;4;1;Male;82.93;4;16.59;348.31;Ewallet;331.72;4.761905;16.59;09.июн
438;345-08-4992;1;438;3;2;Male;33.99;6;окт.20;214.14;Credit card;203.94;4.761905;окт.20;07.июл
439;549-96-4200;2;439;5;1;Male;17.апр;4;мар.41;71.57;Ewallet;68.16;4.761905;мар.41;7.0
440;810-60-6344;2;440;2;2;Female;40.86;8;16.34;343.22;Credit card;326.88;4.761905;16.34;06.май
441;450-28-2866;2;441;5;1;Male;17.44;5;апр.36;91.56;Cash;87.20;4.761905;апр.36;08.янв
442;394-30-3170;3;442;4;1;Female;88.43;8;35.37;742.81;Credit card;707.44;4.761905;35.37;04.мар
443;138-17-5109;1;443;3;1;Female;89.21;9;40.14;843.03;Credit card;802.89;4.761905;40.14;06.май
444;192-98-7397;2;444;6;2;Male;дек.78;1;0.64;13.42;Ewallet;дек.78;4.761905;0.64;09.май
445;301-11-9629;1;445;4;2;Female;19.окт;7;июн.69;140.39;Cash;133.70;4.761905;июн.69;09.июл
446;390-80-5128;3;446;1;1;Female;19.15;1;0.96;20.ноя;Credit card;19.15;4.761905;0.96;09.май
447;235-46-8343;2;447;5;1;Male;27.66;10;13.83;290.43;Credit card;276.60;4.761905;13.83;08.сен
448;453-12-7053;2;448;6;2;Male;45.74;3;июн.86;144.08;Credit card;137.22;4.761905;июн.86;06.май
449;296-11-7041;3;449;1;1;Female;27.июл;1;янв.35;28.42;Credit card;27.июл;4.761905;янв.35;05.мар
450;449-27-2918;3;450;4;1;Female;39.12;1;янв.96;41.08;Credit card;39.12;4.761905;янв.96;09.июн
451;891-01-7034;3;451;2;2;Female;74.71;6;22.41;470.67;Cash;448.26;4.761905;22.41;06.июл
452;744-09-5786;3;452;2;2;Male;22.янв;6;июн.60;138.66;Cash;132.06;4.761905;июн.60;07.июн
453;727-17-0390;1;453;5;2;Female;63.61;5;15.90;333.95;Ewallet;318.05;4.761905;15.90;04.авг
454;568-88-3448;1;454;1;2;Male;25.00;1;янв.25;26.25;Ewallet;25.00;4.761905;янв.25;05.май
455;187-83-5490;1;455;2;1;Male;20.77;4;апр.15;87.23;Cash;83.08;4.761905;апр.15;04.июл
456;767-54-1907;3;456;6;1;Female;29.56;5;июл.39;155.19;Cash;147.80;4.761905;июл.39;06.сен
457;710-46-4433;3;457;5;1;Female;77.40;9;34.83;731.43;Credit card;696.60;4.761905;34.83;04.май
458;533-33-5337;3;458;2;2;Male;79.39;10;39.70;833.60;Cash;793.90;4.761905;39.70;06.фев
459;325-90-8763;2;459;2;1;Female;46.57;10;23.29;488.99;Cash;465.70;4.761905;23.29;07.июн
460;729-46-7422;2;460;5;2;Male;35.89;1;янв.79;37.68;Credit card;35.89;4.761905;янв.79;07.сен
461;639-76-1242;2;461;5;2;Male;40.52;5;окт.13;212.73;Cash;202.60;4.761905;окт.13;04.май
462;234-03-4040;3;462;5;1;Female;73.05;10;36.53;767.03;Credit card;730.50;4.761905;36.53;08.июл
463;326-71-2155;2;463;4;2;Female;73.95;4;14.79;310.59;Cash;295.80;4.761905;14.79;06.янв
464;320-32-8842;2;464;5;1;Female;22.62;1;янв.13;23.75;Cash;22.62;4.761905;янв.13;06.апр
465;470-32-9057;1;465;5;1;Male;51.34;5;дек.84;269.54;Credit card;256.70;4.761905;дек.84;09.янв
466;878-30-2331;2;466;4;1;Female;54.55;10;27.28;572.78;Credit card;545.50;4.761905;27.28;07.янв
467;440-59-5691;2;467;1;1;Female;37.15;7;13.00;273.05;Credit card;260.05;4.761905;13.00;07.июл
468;554-53-3790;3;468;4;2;Male;37.02;6;11.ноя;233.23;Cash;222.12;4.761905;11.ноя;04.май
469;746-19-0921;2;469;5;2;Male;21.58;1;01.авг;22.66;Ewallet;21.58;4.761905;01.авг;07.фев
470;233-34-0817;2;470;2;1;Female;98.84;1;апр.94;103.78;Cash;98.84;4.761905;апр.94;08.апр
471;767-05-1286;2;471;3;1;Female;83.77;6;25.13;527.75;Ewallet;502.62;4.761905;25.13;05.апр
472;340-21-9136;1;472;4;1;Female;40.05;4;08.янв;168.21;Cash;160.20;4.761905;08.янв;09.июл
473;405-31-3305;1;473;6;1;Male;43.13;10;21.57;452.87;Credit card;431.30;4.761905;21.57;05.май
474;731-59-7531;3;474;1;1;Male;72.57;8;29.мар;609.59;Cash;580.56;4.761905;29.мар;04.июн
475;676-39-6028;1;475;2;1;Female;64.44;5;16.ноя;338.31;Cash;322.20;4.761905;16.ноя;06.июн
476;502-05-1910;1;476;1;2;Male;65.18;3;сен.78;205.32;Credit card;195.54;4.761905;сен.78;06.мар
477;485-30-8700;1;477;4;2;Female;33.26;5;авг.32;174.62;Credit card;166.30;4.761905;авг.32;04.фев
478;598-47-9715;2;478;2;2;Male;84.07;4;16.81;353.09;Ewallet;336.28;4.761905;16.81;04.апр
479;701-69-8742;3;479;4;2;Male;34.37;10;17.19;360.89;Ewallet;343.70;4.761905;17.19;06.июл
480;575-67-1508;1;480;2;2;Male;38.60;1;янв.93;40.53;Ewallet;38.60;4.761905;янв.93;06.июл
481;541-08-3113;2;481;5;2;Male;65.97;8;26.39;554.15;Cash;527.76;4.761905;26.39;08.апр
482;246-11-3901;2;482;2;2;Female;32.80;10;16.40;344.40;Cash;328.00;4.761905;16.40;06.фев
483;674-15-9296;1;483;4;2;Male;37.14;5;сен.29;194.99;Ewallet;185.70;4.761905;сен.29;5.0
484;305-18-3552;3;484;3;1;Male;60.38;10;30.19;633.99;Cash;603.80;4.761905;30.19;6.0
485;493-65-6248;2;485;4;1;Female;36.98;10;18.49;388.29;Credit card;369.80;4.761905;18.49;7.0
486;438-01-4015;3;486;4;1;Female;49.49;4;сен.90;207.86;Ewallet;197.96;4.761905;сен.90;06.июн
487;709-58-4068;3;487;6;2;Female;41.09;10;20.55;431.45;Cash;410.90;4.761905;20.55;07.мар
488;795-49-7276;1;488;6;2;Male;37.15;4;июл.43;156.03;Ewallet;148.60;4.761905;июл.43;08.мар
489;556-72-8512;2;489;3;2;Male;22.96;1;янв.15;24.ноя;Cash;22.96;4.761905;янв.15;04.мар
490;627-95-3243;3;490;3;1;Female;77.68;9;34.96;734.08;Ewallet;699.12;4.761905;34.96;09.авг
491;686-41-0932;3;491;6;2;Female;34.70;2;мар.47;72.87;Ewallet;69.40;4.761905;мар.47;08.фев
492;510-09-5628;1;492;6;1;Female;19.66;10;сен.83;206.43;Credit card;196.60;4.761905;сен.83;07.фев
493;608-04-3797;3;493;1;1;Female;25.32;8;окт.13;212.69;Ewallet;202.56;4.761905;окт.13;08.июл
494;148-82-2527;2;494;3;1;Female;12.дек;10;06.июн;127.26;Credit card;121.20;4.761905;06.июн;08.апр
495;437-53-3084;3;495;6;2;Male;99.89;2;сен.99;209.77;Ewallet;199.78;4.761905;сен.99;07.янв
496;632-32-4574;3;496;4;2;Male;75.92;8;30.37;637.73;Cash;607.36;4.761905;30.37;05.май
497;556-97-7101;2;497;2;2;Female;63.22;2;июн.32;132.76;Cash;126.44;4.761905;июн.32;08.май
498;862-59-8517;2;498;5;2;Female;90.24;6;27.июл;568.51;Cash;541.44;4.761905;27.июл;06.фев
499;401-18-8016;3;499;4;1;Female;98.13;1;апр.91;103.04;Cash;98.13;4.761905;апр.91;08.сен
500;420-18-8989;1;500;4;1;Female;51.52;8;20.61;432.77;Cash;412.16;4.761905;20.61;09.июн
501;277-63-2961;3;501;4;1;Male;73.97;1;мар.70;77.67;Credit card;73.97;4.761905;мар.70;05.апр
502;573-98-8548;2;502;6;1;Female;31.90;1;янв.60;33.50;Ewallet;31.90;4.761905;янв.60;09.янв
503;620-02-2046;2;503;3;2;Male;69.40;2;июн.94;145.74;Ewallet;138.80;4.761905;июн.94;9.0
504;282-35-2475;3;504;4;2;Female;93.31;2;сен.33;195.95;Cash;186.62;4.761905;сен.33;06.мар
505;511-54-3087;3;505;4;2;Male;88.45;1;апр.42;92.87;Credit card;88.45;4.761905;апр.42;09.май
506;726-29-6793;1;506;2;1;Male;24.18;8;сен.67;203.11;Ewallet;193.44;4.761905;сен.67;09.авг
507;387-49-4215;3;507;4;1;Female;48.50;3;июл.28;152.78;Cash;145.50;4.761905;июл.28;06.июл
508;862-17-9201;3;508;5;2;Female;84.05;6;25.22;529.52;Credit card;504.30;4.761905;25.22;07.июл
509;291-21-5991;3;509;1;1;Male;61.29;5;15.32;321.77;Cash;306.45;4.761905;15.32;7.0
510;602-80-9671;2;510;3;1;Female;15.95;6;апр.79;100.49;Credit card;95.70;4.761905;апр.79;05.янв
511;347-72-6115;3;511;4;1;Female;90.74;7;31.76;666.94;Credit card;635.18;4.761905;31.76;06.фев
512;209-61-0206;1;512;3;2;Female;42.91;5;окт.73;225.28;Ewallet;214.55;4.761905;окт.73;06.янв
513;595-27-4851;1;513;6;2;Female;54.28;7;19.00;398.96;Ewallet;379.96;4.761905;19.00;09.мар
514;189-52-0236;1;514;2;2;Male;99.55;7;34.84;731.69;Cash;696.85;4.761905;34.84;07.июн
515;503-07-0930;2;515;4;1;Male;58.39;7;20.44;429.17;Credit card;408.73;4.761905;20.44;08.фев
516;413-20-6708;2;516;6;1;Female;51.47;1;фев.57;54.04;Ewallet;51.47;4.761905;фев.57;08.май
517;425-85-2085;3;517;1;1;Male;54.86;5;13.72;288.02;Ewallet;274.30;4.761905;13.72;09.авг
518;521-18-7827;2;518;3;1;Male;39.39;5;сен.85;206.80;Credit card;196.95;4.761905;сен.85;08.июл
519;220-28-1851;1;519;3;2;Male;34.73;2;мар.47;72.93;Ewallet;69.46;4.761905;мар.47;09.июл
520;600-38-9738;2;520;4;1;Male;71.92;5;17.98;377.58;Credit card;359.60;4.761905;17.98;04.мар
521;734-91-1155;3;521;2;2;Female;45.71;3;июн.86;143.99;Credit card;137.13;4.761905;июн.86;07.июл
522;451-28-5717;2;522;3;1;Female;83.17;6;24.95;523.97;Cash;499.02;4.761905;24.95;07.мар
523;609-81-8548;1;523;3;1;Female;37.44;6;ноя.23;235.87;Credit card;224.64;4.761905;ноя.23;05.сен
524;133-14-7229;2;524;1;2;Male;62.87;2;июн.29;132.03;Cash;125.74;4.761905;июн.29;5.0
525;534-01-4457;1;525;5;2;Male;81.71;6;24.51;514.77;Credit card;490.26;4.761905;24.51;8.0
526;719-89-8991;1;526;4;1;Female;91.41;5;22.85;479.90;Ewallet;457.05;4.761905;22.85;07.янв
527;286-62-6248;3;527;6;2;Male;39.21;4;июл.84;164.68;Credit card;156.84;4.761905;июл.84;9.0
528;339-38-9982;3;528;6;1;Male;59.86;2;май.99;125.71;Ewallet;119.72;4.761905;май.99;06.июл
529;827-44-5872;3;58;5;1;Female;54.36;10;27.18;570.78;Credit card;543.60;4.761905;27.18;06.янв
530;827-77-7633;1;529;4;2;Male;98.09;9;44.14;926.95;Cash;882.81;4.761905;44.14;09.мар
531;287-83-1405;1;530;1;2;Male;25.43;6;июл.63;160.21;Ewallet;152.58;4.761905;июл.63;7.0
532;435-13-4908;1;531;6;1;Male;86.68;8;34.67;728.11;Credit card;693.44;4.761905;34.67;07.фев
533;857-67-9057;3;532;2;2;Male;22.95;10;ноя.48;240.98;Ewallet;229.50;4.761905;ноя.48;08.фев
534;236-27-1144;2;533;5;2;Female;16.31;9;июл.34;154.13;Ewallet;146.79;4.761905;июл.34;08.апр
535;892-05-6689;1;534;3;2;Female;28.32;5;07.авг;148.68;Ewallet;141.60;4.761905;07.авг;06.фев
536;583-41-4548;2;535;3;2;Male;16.67;7;май.83;122.52;Ewallet;116.69;4.761905;май.83;07.апр
537;339-12-4827;3;536;6;1;Female;73.96;1;мар.70;77.66;Credit card;73.96;4.761905;мар.70;5.0
538;643-38-7867;1;537;3;2;Male;97.94;1;апр.90;102.84;Ewallet;97.94;4.761905;апр.90;06.сен
539;308-81-0538;1;538;6;2;Female;73.05;4;14.61;306.81;Credit card;292.20;4.761905;14.61;04.сен
540;358-88-9262;2;539;5;1;Female;87.48;6;26.24;551.12;Ewallet;524.88;4.761905;26.24;05.янв
541;460-35-4390;1;540;3;2;Male;30.68;3;апр.60;96.64;Ewallet;92.04;4.761905;апр.60;09.янв
542;343-87-0864;2;541;1;1;Male;75.88;1;мар.79;79.67;Credit card;75.88;4.761905;мар.79;07.янв
543;173-50-1108;3;542;4;1;Female;20.18;4;04.апр;84.76;Credit card;80.72;4.761905;04.апр;5.0
544;243-47-2663;2;543;2;1;Male;18.77;6;май.63;118.25;Credit card;112.62;4.761905;май.63;05.май
545;841-18-8232;3;544;5;2;Female;71.20;1;мар.56;74.76;Credit card;71.20;4.761905;мар.56;09.фев
546;701-23-5550;3;545;3;1;Male;38.81;4;июл.76;163.00;Ewallet;155.24;4.761905;июл.76;04.сен
547;647-50-1224;1;546;6;2;Female;29.42;10;14.71;308.91;Ewallet;294.20;4.761905;14.71;08.сен
548;541-48-8554;1;547;4;2;Male;60.95;9;27.43;575.98;Credit card;548.55;4.761905;27.43;6.0
549;539-21-7227;3;548;4;2;Female;51.54;5;дек.89;270.59;Cash;257.70;4.761905;дек.89;04.фев
550;213-32-1216;1;549;2;2;Female;66.06;6;19.82;416.18;Cash;396.36;4.761905;19.82;07.мар
551;747-58-7183;3;550;6;2;Male;57.27;3;авг.59;180.40;Ewallet;171.81;4.761905;авг.59;06.май
552;582-52-8065;3;551;6;2;Female;54.31;9;24.44;513.23;Cash;488.79;4.761905;24.44;08.сен
553;210-57-1719;3;552;1;2;Female;58.24;9;26.21;550.37;Cash;524.16;4.761905;26.21;09.июл
554;399-69-4630;2;553;2;2;Male;22.21;6;июн.66;139.92;Credit card;133.26;4.761905;июн.66;08.июн
555;134-75-2619;1;554;2;1;Male;19.32;7;июн.76;142.00;Cash;135.24;4.761905;июн.76;06.сен
556;356-44-8813;3;555;3;2;Male;37.48;3;май.62;118.06;Credit card;112.44;4.761905;май.62;07.июл
557;198-66-9832;3;556;6;1;Female;72.04;2;июл.20;151.28;Cash;144.08;4.761905;июл.20;09.май
558;283-26-5248;2;557;5;1;Female;98.52;10;49.26;1034.46;Ewallet;985.20;4.761905;49.26;04.май
559;712-39-0363;1;558;5;1;Male;41.66;6;дек.50;262.46;Ewallet;249.96;4.761905;дек.50;05.июн
560;218-59-9410;1;559;3;1;Female;72.42;3;окт.86;228.12;Ewallet;217.26;4.761905;окт.86;08.фев
561;174-75-0888;3;560;2;2;Male;21.58;9;сен.71;203.93;Cash;194.22;4.761905;сен.71;07.мар
562;866-99-7614;2;561;5;2;Male;89.20;10;44.60;936.60;Credit card;892.00;4.761905;44.60;04.апр
563;134-54-4720;3;562;2;2;Female;42.42;8;16.97;356.33;Ewallet;339.36;4.761905;16.97;05.июл
564;760-90-2357;1;563;2;1;Male;74.51;6;22.35;469.41;Ewallet;447.06;4.761905;22.35;5.0
565;514-37-2845;3;564;6;2;Male;99.25;2;сен.93;208.43;Cash;198.50;4.761905;сен.93;9.0
566;698-98-5964;1;565;5;2;Female;81.21;10;40.61;852.71;Credit card;812.10;4.761905;40.61;06.мар
567;718-57-9773;2;566;4;2;Female;49.33;10;24.67;517.97;Credit card;493.30;4.761905;24.67;09.апр
568;651-88-7328;1;567;6;2;Female;65.74;9;29.58;621.24;Cash;591.66;4.761905;29.58;07.июл
569;241-11-2261;3;568;6;2;Female;79.86;7;27.95;586.97;Credit card;559.02;4.761905;27.95;05.май
570;408-26-9866;2;569;4;2;Female;73.98;7;25.89;543.75;Ewallet;517.86;4.761905;25.89;04.янв
571;834-83-1826;3;538;3;1;Female;82.04;5;20.51;430.71;Credit card;410.20;4.761905;20.51;07.июн
572;343-61-3544;3;570;4;1;Male;26.67;10;13.34;280.04;Cash;266.70;4.761905;13.34;08.июн
573;239-48-4278;1;571;5;1;Male;окт.13;7;мар.55;74.46;Ewallet;70.91;4.761905;мар.55;08.мар
574;355-34-6244;3;572;5;2;Male;72.39;2;июл.24;152.02;Credit card;144.78;4.761905;июл.24;08.янв
575;550-84-8664;1;573;4;2;Male;85.91;5;21.48;451.03;Credit card;429.55;4.761905;21.48;08.июн
576;339-96-8318;3;574;6;1;Male;81.31;7;28.46;597.63;Ewallet;569.17;4.761905;28.46;06.мар
577;458-61-0011;3;575;5;2;Male;60.30;4;12.июн;253.26;Cash;241.20;4.761905;12.июн;05.авг
578;592-34-6155;2;576;5;2;Male;31.77;4;июн.35;133.43;Ewallet;127.08;4.761905;июн.35;06.фев
579;797-88-0493;1;577;1;2;Female;64.27;4;дек.85;269.93;Cash;257.08;4.761905;дек.85;07.июл
580;207-73-1363;3;578;1;2;Male;69.51;2;июн.95;145.97;Ewallet;139.02;4.761905;июн.95;08.янв
581;390-31-6381;2;579;5;2;Male;27.22;3;04.авг;85.74;Cash;81.66;4.761905;04.авг;07.мар
582;443-82-0585;1;580;1;1;Female;77.68;4;15.54;326.26;Cash;310.72;4.761905;15.54;08.апр
583;339-18-7061;2;581;6;1;Female;92.98;2;сен.30;195.26;Credit card;185.96;4.761905;сен.30;8.0
584;359-90-3665;3;582;6;1;Female;18.авг;4;мар.62;75.94;Credit card;72.32;4.761905;мар.62;09.май
585;375-72-3056;3;583;4;2;Male;63.06;3;сен.46;198.64;Ewallet;189.18;4.761905;сен.46;7.0
586;127-47-6963;1;584;1;2;Male;51.71;4;окт.34;217.18;Credit card;206.84;4.761905;окт.34;09.авг
587;278-86-2735;1;585;5;2;Female;52.34;3;июл.85;164.87;Cash;157.02;4.761905;июл.85;09.фев
588;695-28-6250;1;586;4;2;Female;43.06;5;окт.77;226.07;Ewallet;215.30;4.761905;окт.77;07.июл
589;379-17-6588;2;587;6;2;Male;59.61;10;29.81;625.91;Cash;596.10;4.761905;29.81;05.мар
590;227-50-3718;1;588;1;2;Male;14.62;5;мар.66;76.76;Cash;73.10;4.761905;мар.66;04.апр
591;302-15-2162;2;589;1;1;Male;46.53;6;13.96;293.14;Credit card;279.18;4.761905;13.96;04.мар
592;788-07-8452;2;590;3;1;Female;24.24;7;авг.48;178.16;Ewallet;169.68;4.761905;авг.48;09.апр
593;560-49-6611;1;591;4;1;Female;45.58;1;фев.28;47.86;Cash;45.58;4.761905;фев.28;09.авг
594;880-35-0356;1;592;4;1;Female;75.20;3;ноя.28;236.88;Ewallet;225.60;4.761905;ноя.28;04.авг
595;585-11-6748;3;593;4;1;Male;96.80;3;14.52;304.92;Cash;290.40;4.761905;14.52;05.мар
596;470-31-3286;3;594;1;2;Male;14.82;3;фев.22;46.68;Credit card;44.46;4.761905;фев.22;08.июл
597;152-68-2907;1;595;5;2;Male;52.20;3;июл.83;164.43;Credit card;156.60;4.761905;июл.83;09.май
598;123-35-4896;2;596;4;2;Female;46.66;9;21.00;440.94;Ewallet;419.94;4.761905;21.00;05.мар
599;258-69-7810;2;597;6;2;Female;36.85;5;сен.21;193.46;Cash;184.25;4.761905;сен.21;09.фев
600;334-64-2006;1;598;3;1;Female;70.32;2;07.мар;147.67;Ewallet;140.64;4.761905;07.мар;09.июн
601;219-61-4139;2;599;2;2;Male;83.08;1;апр.15;87.23;Ewallet;83.08;4.761905;апр.15;06.апр
602;881-41-7302;2;600;6;2;Female;64.99;1;мар.25;68.24;Credit card;64.99;4.761905;мар.25;04.май
603;373-09-4567;2;601;5;2;Male;77.56;10;38.78;814.38;Ewallet;775.60;4.761905;38.78;06.сен
604;642-30-6693;3;602;4;2;Female;54.51;6;16.35;343.41;Ewallet;327.06;4.761905;16.35;07.авг
605;484-22-8230;2;603;6;1;Female;51.89;7;18.16;381.39;Cash;363.23;4.761905;18.16;04.май
606;830-58-2383;3;604;3;2;Male;31.75;4;июн.35;133.35;Cash;127.00;4.761905;июн.35;08.июн
607;559-98-9873;1;605;6;1;Female;53.65;7;18.78;394.33;Ewallet;375.55;4.761905;18.78;05.фев
608;544-32-5024;2;606;5;1;Female;49.79;4;сен.96;209.12;Credit card;199.16;4.761905;сен.96;06.апр
609;318-12-0304;1;607;6;2;Male;30.61;1;янв.53;32.14;Ewallet;30.61;4.761905;янв.53;05.фев
610;349-97-8902;3;608;5;1;Male;57.89;2;май.79;121.57;Ewallet;115.78;4.761905;май.79;08.сен
611;421-95-9805;1;609;2;2;Female;28.96;1;янв.45;30.41;Credit card;28.96;4.761905;янв.45;06.фев
612;277-35-5865;2;610;5;1;Female;98.97;9;44.54;935.27;Cash;890.73;4.761905;44.54;06.июл
613;789-23-8625;3;611;6;1;Male;93.22;3;13.98;293.64;Cash;279.66;4.761905;13.98;07.фев
614;284-54-4231;2;612;4;1;Male;80.93;1;04.май;84.98;Credit card;80.93;4.761905;04.май;9.0
615;443-59-0061;1;613;5;1;Male;67.45;10;33.73;708.23;Ewallet;674.50;4.761905;33.73;04.фев
616;509-29-3912;1;614;4;1;Female;38.72;9;17.42;365.90;Ewallet;348.48;4.761905;17.42;04.фев
617;327-40-9673;3;615;4;1;Male;72.60;6;21.78;457.38;Cash;435.60;4.761905;21.78;06.сен
618;840-19-2096;2;616;2;1;Male;87.91;5;21.98;461.53;Ewallet;439.55;4.761905;21.98;04.апр
619;828-46-6863;1;617;5;1;Male;98.53;6;29.56;620.74;Credit card;591.18;4.761905;29.56;4.0
620;641-96-3695;2;618;6;1;Female;43.46;6;13.апр;273.80;Ewallet;260.76;4.761905;13.апр;08.май
621;420-97-3340;1;619;5;2;Female;71.68;3;окт.75;225.79;Credit card;215.04;4.761905;окт.75;09.фев
622;436-54-4512;1;620;5;1;Female;91.61;1;апр.58;96.19;Cash;91.61;4.761905;апр.58;09.авг
623;670-79-6321;3;621;3;1;Female;94.59;7;33.11;695.24;Credit card;662.13;4.761905;33.11;04.сен
624;852-62-7105;3;622;6;2;Female;83.25;10;41.63;874.13;Credit card;832.50;4.761905;41.63;04.апр
625;598-06-7312;3;623;6;1;Male;91.35;1;апр.57;95.92;Cash;91.35;4.761905;апр.57;06.авг
626;135-13-8269;3;624;5;1;Female;78.88;2;июл.89;165.65;Cash;157.76;4.761905;июл.89;09.янв
627;816-57-2053;1;625;4;2;Male;60.87;2;06.сен;127.83;Ewallet;121.74;4.761905;06.сен;08.июл
628;628-90-8624;3;626;1;1;Male;82.58;10;41.29;867.09;Cash;825.80;4.761905;41.29;5.0
629;856-66-2701;1;627;3;1;Male;53.30;3;8.00;167.90;Ewallet;159.90;4.761905;8.00;07.май
630;308-39-1707;1;628;6;2;Female;12.сен;1;0.60;дек.69;Credit card;12.сен;4.761905;0.60;08.фев
631;149-61-1929;1;629;4;2;Male;64.19;10;32.10;674.00;Credit card;641.90;4.761905;32.10;06.июл
632;655-07-2265;1;630;2;2;Male;78.31;3;ноя.75;246.68;Ewallet;234.93;4.761905;ноя.75;05.апр
633;589-02-8023;1;631;5;1;Male;83.77;2;авг.38;175.92;Credit card;167.54;4.761905;авг.38;7.0
634;420-04-7590;3;632;3;2;Male;99.70;3;14.96;314.06;Ewallet;299.10;4.761905;14.96;04.июл
635;182-88-2763;3;633;5;1;Male;79.91;3;ноя.99;251.72;Credit card;239.73;4.761905;ноя.99;5.0
636;188-55-0967;3;634;1;1;Male;66.47;10;33.24;697.94;Credit card;664.70;4.761905;33.24;5.0
637;610-46-4100;1;635;1;2;Male;28.95;7;окт.13;212.78;Credit card;202.65;4.761905;окт.13;6.0
638;318-81-2368;2;636;2;2;Female;46.20;1;фев.31;48.51;Cash;46.20;4.761905;фев.31;06.мар
639;364-33-8584;3;637;5;1;Female;17.63;5;апр.41;92.56;Cash;88.15;4.761905;апр.41;08.май
640;665-63-9737;3;638;6;2;Male;52.42;3;июл.86;165.12;Ewallet;157.26;4.761905;июл.86;07.май
641;695-09-5146;3;639;5;1;Female;98.79;3;14.82;311.19;Ewallet;296.37;4.761905;14.82;06.апр
642;155-45-3814;2;640;2;1;Female;88.55;8;35.42;743.82;Ewallet;708.40;4.761905;35.42;04.июл
643;794-32-2436;3;641;2;1;Male;55.67;2;май.57;116.91;Ewallet;111.34;4.761905;май.57;6.0
644;131-15-8856;2;642;5;1;Female;72.52;8;29.янв;609.17;Credit card;580.16;4.761905;29.янв;4.0
645;273-84-2164;2;643;2;1;Male;12.май;5;03.янв;63.26;Ewallet;60.25;4.761905;03.янв;05.май
646;706-36-6154;1;644;3;1;Male;19.36;9;авг.71;182.95;Ewallet;174.24;4.761905;авг.71;08.июл
647;778-89-7974;2;645;1;2;Male;70.21;6;21.июн;442.32;Cash;421.26;4.761905;21.июн;07.апр
648;574-31-8277;3;646;6;1;Male;33.63;1;янв.68;35.31;Cash;33.63;4.761905;янв.68;05.июн
649;859-71-0933;2;647;4;1;Female;15.49;2;янв.55;32.53;Cash;30.98;4.761905;янв.55;06.мар
650;740-11-5257;2;648;2;2;Male;24.74;10;дек.37;259.77;Cash;247.40;4.761905;дек.37;07.янв
651;369-82-2676;3;649;2;2;Male;75.66;5;18.92;397.22;Ewallet;378.30;4.761905;18.92;07.авг
652;563-47-4072;3;650;1;2;Female;55.81;6;16.74;351.60;Cash;334.86;4.761905;16.74;09.сен
653;742-04-5161;1;651;3;1;Male;72.78;10;36.39;764.19;Cash;727.80;4.761905;36.39;07.мар
654;149-15-7606;3;652;4;1;Male;37.32;9;16.79;352.67;Ewallet;335.88;4.761905;16.79;05.янв
655;133-77-3154;3;653;6;1;Male;60.18;4;12.апр;252.76;Credit card;240.72;4.761905;12.апр;09.апр
656;169-52-4504;1;654;2;2;Female;15.69;3;фев.35;49.42;Credit card;47.07;4.761905;фев.35;05.авг
657;250-81-7186;2;655;2;2;Female;99.69;1;апр.98;104.67;Credit card;99.69;4.761905;апр.98;8.0
658;562-12-5430;1;656;6;1;Female;88.15;3;13.22;277.67;Ewallet;264.45;4.761905;13.22;07.сен
659;816-72-8853;1;657;4;1;Female;27.93;5;июн.98;146.63;Cash;139.65;4.761905;июн.98;05.сен
660;491-38-3499;1;658;6;1;Male;55.45;1;фев.77;58.22;Credit card;55.45;4.761905;фев.77;04.сен
661;322-02-2271;3;659;4;2;Female;42.97;3;июн.45;135.36;Cash;128.91;4.761905;июн.45;09.мар
662;842-29-4695;2;660;4;1;Male;17.14;7;6.00;125.98;Credit card;119.98;4.761905;6.00;07.сен
663;725-67-2480;3;661;6;1;Female;58.75;6;17.63;370.13;Credit card;352.50;4.761905;17.63;05.сен
664;641-51-2661;2;662;5;1;Female;87.10;10;43.55;914.55;Credit card;871.00;4.761905;43.55;09.сен
665;714-02-3114;2;663;4;2;Female;98.80;2;сен.88;207.48;Cash;197.60;4.761905;сен.88;07.июл
666;518-17-2983;1;664;6;2;Female;48.63;4;сен.73;204.25;Ewallet;194.52;4.761905;сен.73;07.июн
667;779-42-2410;3;665;5;1;Male;57.74;3;авг.66;181.88;Ewallet;173.22;4.761905;авг.66;07.июл
668;190-14-3147;3;666;1;2;Female;17.97;4;мар.59;75.47;Ewallet;71.88;4.761905;мар.59;06.апр
669;408-66-6712;2;667;1;1;Female;47.71;6;14.31;300.57;Ewallet;286.26;4.761905;14.31;04.апр
670;679-22-6530;3;668;4;2;Female;40.62;2;04.июн;85.30;Credit card;81.24;4.761905;04.июн;04.янв
671;588-47-8641;1;669;6;1;Male;56.04;10;28.фев;588.42;Ewallet;560.40;4.761905;28.фев;04.апр
672;642-61-4706;3;670;5;1;Male;93.40;2;сен.34;196.14;Cash;186.80;4.761905;сен.34;05.май
673;576-31-4774;3;671;1;2;Female;73.41;3;11.янв;231.24;Ewallet;220.23;4.761905;11.янв;4.0
674;556-41-6224;2;672;1;2;Male;33.64;8;13.46;282.58;Credit card;269.12;4.761905;13.46;09.мар
675;811-03-8790;1;673;2;2;Female;45.48;10;22.74;477.54;Credit card;454.80;4.761905;22.74;04.авг
676;242-11-3142;3;674;6;1;Male;83.77;2;авг.38;175.92;Cash;167.54;4.761905;авг.38;04.июн
677;752-23-3760;3;675;4;1;Female;64.08;7;22.43;470.99;Credit card;448.56;4.761905;22.43;07.мар
678;274-05-5470;1;676;5;1;Female;73.47;4;14.69;308.57;Cash;293.88;4.761905;14.69;6.0
679;648-94-3045;2;677;1;2;Male;58.95;10;29.48;618.98;Ewallet;589.50;4.761905;29.48;08.янв
680;130-67-4723;1;678;5;1;Male;48.50;6;14.55;305.55;Ewallet;291.00;4.761905;14.55;09.апр
681;528-87-5606;3;679;2;1;Female;39.48;1;янв.97;41.45;Cash;39.48;4.761905;янв.97;06.май
682;320-85-2052;3;680;4;2;Female;34.81;1;янв.74;36.55;Credit card;34.81;4.761905;янв.74;7.0
683;370-96-0655;2;681;6;2;Female;49.32;6;14.80;310.72;Ewallet;295.92;4.761905;14.80;07.янв
684;105-10-6182;1;682;6;1;Male;21.48;2;фев.15;45.11;Ewallet;42.96;4.761905;фев.15;06.июн
685;510-79-0415;3;683;4;1;Female;23.авг;6;июн.92;145.40;Ewallet;138.48;4.761905;июн.92;04.сен
686;241-96-5076;3;684;3;1;Female;49.10;2;апр.91;103.11;Credit card;98.20;4.761905;апр.91;06.апр
687;767-97-4650;3;685;4;1;Female;64.83;2;июн.48;136.14;Credit card;129.66;4.761905;июн.48;8.0
688;648-83-1321;1;686;3;1;Male;63.56;10;31.78;667.38;Cash;635.60;4.761905;31.78;04.мар
689;173-57-2300;2;687;4;1;Male;72.88;2;июл.29;153.05;Cash;145.76;4.761905;июл.29;06.янв
690;305-03-2383;1;688;5;2;Female;67.10;3;10.июл;211.37;Cash;201.30;4.761905;10.июл;07.май
691;394-55-6384;2;689;4;1;Female;70.19;9;31.59;663.30;Cash;631.71;4.761905;31.59;06.июл
692;266-20-6657;2;690;5;1;Male;55.04;7;19.26;404.54;Ewallet;385.28;4.761905;19.26;05.фев
693;689-05-1884;1;691;1;1;Male;48.63;10;24.32;510.62;Cash;486.30;4.761905;24.32;08.авг
694;196-01-2849;2;692;6;1;Female;73.38;7;25.68;539.34;Cash;513.66;4.761905;25.68;09.май
695;372-62-5264;2;693;5;2;Female;52.60;9;23.67;497.07;Cash;473.40;4.761905;23.67;07.июн
696;800-09-8606;1;694;3;1;Female;87.37;5;21.84;458.69;Cash;436.85;4.761905;21.84;06.июн
697;182-52-7000;1;695;4;1;Female;27.апр;4;май.41;113.57;Ewallet;108.16;4.761905;май.41;06.сен
698;826-58-8051;3;696;3;2;Male;62.19;4;дек.44;261.20;Ewallet;248.76;4.761905;дек.44;04.мар
699;868-06-0466;1;697;2;1;Male;69.58;9;31.31;657.53;Credit card;626.22;4.761905;31.31;07.авг
700;751-41-9720;2;698;3;2;Male;97.50;10;48.75;1023.75;Ewallet;975.00;4.761905;48.75;8.0
701;626-43-7888;2;699;6;2;Female;60.41;8;24.16;507.44;Ewallet;483.28;4.761905;24.16;09.июн
702;176-64-7711;3;700;5;2;Male;32.32;3;апр.85;101.81;Credit card;96.96;4.761905;апр.85;04.мар
703;191-29-0321;3;701;6;1;Female;19.77;10;сен.89;207.59;Credit card;197.70;4.761905;сен.89;5.0
704;729-06-2010;3;702;1;1;Male;80.47;9;36.21;760.44;Cash;724.23;4.761905;36.21;09.фев
705;640-48-5028;3;703;3;1;Female;88.39;9;39.78;835.29;Cash;795.51;4.761905;39.78;06.мар
706;186-79-9562;3;704;1;2;Male;71.77;7;25.дек;527.51;Cash;502.39;4.761905;25.дек;08.сен
707;834-45-5519;3;705;2;2;Female;43.00;4;авг.60;180.60;Ewallet;172.00;4.761905;авг.60;07.июн
708;162-65-8559;2;706;5;1;Male;68.98;1;мар.45;72.43;Cash;68.98;4.761905;мар.45;04.авг
709;760-27-5490;2;707;6;2;Male;15.62;8;июн.25;131.21;Ewallet;124.96;4.761905;июн.25;09.янв
710;445-30-9252;1;708;4;2;Male;25.70;3;мар.86;80.96;Ewallet;77.10;4.761905;мар.86;06.янв
711;786-94-2700;1;709;5;1;Male;80.62;6;24.19;507.91;Cash;483.72;4.761905;24.19;09.янв
712;728-88-7867;2;710;3;1;Female;75.53;4;15.ноя;317.23;Ewallet;302.12;4.761905;15.ноя;08.мар
713;183-21-3799;2;711;2;2;Female;77.63;9;34.93;733.60;Ewallet;698.67;4.761905;34.93;07.фев
714;268-20-3585;2;712;1;2;Female;13.85;9;июн.23;130.88;Ewallet;124.65;4.761905;июн.23;6.0
715;735-32-9839;2;713;6;1;Male;98.70;8;39.48;829.08;Ewallet;789.60;4.761905;39.48;08.май
716;258-92-7466;1;714;1;2;Female;35.68;5;авг.92;187.32;Credit card;178.40;4.761905;авг.92;06.июн
717;857-16-3520;1;715;6;1;Female;71.46;7;25.янв;525.23;Ewallet;500.22;4.761905;25.янв;04.май
718;482-17-1179;1;716;2;1;Male;ноя.94;3;янв.79;37.61;Credit card;35.82;4.761905;янв.79;08.янв
719;788-21-5741;1;717;6;2;Male;45.38;3;июн.81;142.95;Credit card;136.14;4.761905;июн.81;07.фев
720;821-14-9046;3;718;6;1;Female;17.48;6;май.24;110.12;Credit card;104.88;4.761905;май.24;06.янв
721;418-05-0656;3;719;6;2;Female;25.56;7;авг.95;187.87;Cash;178.92;4.761905;авг.95;07.янв
722;678-79-0726;2;720;4;1;Female;90.63;9;40.78;856.45;Cash;815.67;4.761905;40.78;05.янв
723;776-68-1096;3;721;3;2;Male;44.12;3;июн.62;138.98;Credit card;132.36;4.761905;июн.62;07.сен
724;592-46-1692;2;722;5;1;Female;36.77;7;дек.87;270.26;Cash;257.39;4.761905;дек.87;07.апр
725;434-35-9162;3;723;5;1;Male;23.34;4;апр.67;98.03;Ewallet;93.36;4.761905;апр.67;07.апр
726;149-14-0304;2;724;1;1;Female;28.50;8;ноя.40;239.40;Cash;228.00;4.761905;ноя.40;06.июн
727;442-44-6497;2;725;3;1;Male;55.57;3;авг.34;175.05;Credit card;166.71;4.761905;авг.34;05.сен
728;174-64-0215;3;726;4;2;Male;69.74;10;34.87;732.27;Credit card;697.40;4.761905;34.87;08.сен
729;210-74-9613;2;727;6;2;Male;97.26;4;19.45;408.49;Ewallet;389.04;4.761905;19.45;06.авг
730;299-29-0180;3;728;3;1;Female;52.18;7;18.26;383.52;Cash;365.26;4.761905;18.26;09.мар
731;247-11-2470;1;729;6;1;Female;22.32;4;апр.46;93.74;Credit card;89.28;4.761905;апр.46;04.апр
732;635-28-5728;1;730;1;2;Male;56.00;3;авг.40;176.40;Ewallet;168.00;4.761905;авг.40;04.авг
733;756-49-0168;1;731;6;1;Male;19.70;1;0.99;20.69;Ewallet;19.70;4.761905;0.99;09.май
734;438-23-1242;3;732;2;2;Male;75.88;7;26.56;557.72;Ewallet;531.16;4.761905;26.56;08.сен
735;238-45-6950;3;733;5;1;Male;53.72;1;фев.69;56.41;Ewallet;53.72;4.761905;фев.69;06.апр
736;607-65-2441;2;734;1;1;Male;81.95;10;40.98;860.48;Credit card;819.50;4.761905;40.98;6.0
737;386-27-7606;2;735;3;1;Female;81.20;7;28.42;596.82;Credit card;568.40;4.761905;28.42;08.янв
738;137-63-5492;2;736;2;2;Male;58.76;10;29.38;616.98;Ewallet;587.60;4.761905;29.38;9.0
739;197-77-7132;3;737;2;1;Male;91.56;8;36.62;769.10;Ewallet;732.48;4.761905;36.62;6.0
740;805-86-0265;1;738;3;2;Male;93.96;9;42.28;887.92;Cash;845.64;4.761905;42.28;09.авг
741;733-29-1227;2;739;3;2;Male;55.61;7;19.46;408.73;Cash;389.27;4.761905;19.46;08.май
742;451-73-2711;2;740;5;2;Male;84.83;1;апр.24;89.07;Ewallet;84.83;4.761905;апр.24;08.авг
743;373-14-0504;1;741;4;1;Female;71.63;2;июл.16;150.42;Ewallet;143.26;4.761905;июл.16;08.авг
744;546-80-2899;1;742;3;1;Male;37.69;2;мар.77;79.15;Ewallet;75.38;4.761905;мар.77;09.май
745;345-68-9016;2;743;4;1;Female;31.67;8;дек.67;266.03;Credit card;253.36;4.761905;дек.67;05.июн
746;390-17-5806;2;744;5;1;Female;38.42;1;янв.92;40.34;Cash;38.42;4.761905;янв.92;08.июн
747;457-13-1708;3;745;6;1;Male;65.23;10;32.62;684.92;Credit card;652.30;4.761905;32.62;05.фев
748;664-14-2882;2;746;3;1;Female;окт.53;5;фев.63;55.28;Credit card;52.65;4.761905;фев.63;05.авг
749;487-79-6868;3;747;3;1;Female;дек.29;9;май.53;116.14;Credit card;110.61;4.761905;май.53;8.0
750;314-23-4520;2;748;1;1;Male;81.23;7;28.43;597.04;Cash;568.61;4.761905;28.43;9.0
751;210-30-7976;3;749;6;1;Female;22.32;4;апр.46;93.74;Ewallet;89.28;4.761905;апр.46;04.янв
752;585-86-8361;1;750;5;2;Female;27.28;5;июн.82;143.22;Credit card;136.40;4.761905;июн.82;08.июн
753;807-14-7833;1;751;2;1;Female;17.42;10;авг.71;182.91;Ewallet;174.20;4.761905;авг.71;7.0
754;775-72-1988;3;752;3;2;Male;73.28;5;18.32;384.72;Ewallet;366.40;4.761905;18.32;08.апр
755;288-38-3758;2;753;6;1;Female;84.87;3;дек.73;267.34;Ewallet;254.61;4.761905;дек.73;07.апр
756;652-43-6591;1;754;6;2;Female;97.29;8;38.92;817.24;Credit card;778.32;4.761905;38.92;06.фев
757;785-96-0615;3;755;2;1;Female;35.74;8;14.30;300.22;Ewallet;285.92;4.761905;14.30;04.сен
758;406-46-7107;1;756;3;2;Female;96.52;6;28.96;608.08;Cash;579.12;4.761905;28.96;04.май
759;250-17-5703;1;757;5;1;Male;18.85;10;сен.43;197.93;Ewallet;188.50;4.761905;сен.43;05.июн
760;156-95-3964;1;758;5;2;Female;55.39;4;11.авг;232.64;Ewallet;221.56;4.761905;11.авг;8.0
761;842-40-8179;3;759;5;1;Female;77.20;10;38.60;810.60;Credit card;772.00;4.761905;38.60;05.июн
762;525-09-8450;3;760;2;2;Male;72.13;10;36.07;757.37;Credit card;721.30;4.761905;36.07;04.фев
763;410-67-1709;1;761;6;1;Female;63.88;8;25.55;536.59;Ewallet;511.04;4.761905;25.55;09.сен
764;587-73-4862;1;762;1;1;Female;окт.69;5;фев.67;56.12;Ewallet;53.45;4.761905;фев.67;07.июн
765;787-87-2010;1;763;1;1;Male;55.50;4;11.окт;233.10;Credit card;222.00;4.761905;11.окт;06.июн
766;593-14-4239;3;764;3;2;Female;95.46;8;38.18;801.86;Ewallet;763.68;4.761905;38.18;04.июл
767;801-88-0346;2;765;6;2;Female;76.06;3;ноя.41;239.59;Credit card;228.18;4.761905;ноя.41;09.авг
768;388-76-2555;3;766;4;2;Male;13.69;6;04.ноя;86.25;Cash;82.14;4.761905;04.ноя;06.мар
769;711-31-1234;3;767;2;2;Female;95.64;4;19.13;401.69;Cash;382.56;4.761905;19.13;07.сен
770;886-54-6089;1;768;3;2;Female;ноя.43;6;мар.43;72.01;Cash;68.58;4.761905;мар.43;07.июл
771;707-32-7409;3;769;4;1;Female;95.54;4;19.ноя;401.27;Ewallet;382.16;4.761905;19.ноя;04.май
772;759-98-4285;2;770;1;1;Female;85.87;7;30.май;631.14;Credit card;601.09;4.761905;30.май;8.0
773;201-63-8275;2;771;4;1;Female;67.99;7;23.80;499.73;Ewallet;475.93;4.761905;23.80;05.июл
774;471-06-8611;2;772;5;2;Female;52.42;1;фев.62;55.04;Credit card;52.42;4.761905;фев.62;06.мар
775;200-16-5952;2;773;5;1;Male;65.65;2;июн.57;137.87;Cash;131.30;4.761905;июн.57;6.0
776;120-54-2248;3;774;5;2;Female;28.86;5;июл.22;151.52;Credit card;144.30;4.761905;июл.22;8.0
777;102-77-2261;2;775;1;1;Male;65.31;7;22.86;480.03;Credit card;457.17;4.761905;22.86;04.фев
778;875-31-8302;3;776;4;2;Male;93.38;1;апр.67;98.05;Cash;93.38;4.761905;апр.67;09.июн
779;102-06-2002;2;777;4;1;Male;25.25;5;июн.31;132.56;Cash;126.25;4.761905;июн.31;06.янв
780;457-94-0464;3;778;2;1;Male;87.87;9;39.54;830.37;Ewallet;790.83;4.761905;39.54;05.июн
781;629-42-4133;2;779;1;2;Male;21.80;8;авг.72;183.12;Cash;174.40;4.761905;авг.72;08.мар
782;534-53-3526;1;780;4;2;Female;94.76;4;18.95;397.99;Ewallet;379.04;4.761905;18.95;07.авг
783;307-04-2070;1;781;6;1;Female;30.62;1;янв.53;32.15;Credit card;30.62;4.761905;янв.53;04.янв
784;468-99-7231;2;782;3;2;Female;44.01;8;17.60;369.68;Cash;352.08;4.761905;17.60;08.авг
785;516-77-6464;2;783;1;1;Female;окт.16;5;фев.54;53.34;Ewallet;50.80;4.761905;фев.54;04.янв
786;404-91-5964;1;784;2;2;Male;74.58;7;26.окт;548.16;Credit card;522.06;4.761905;26.окт;9.0
787;886-77-9084;2;785;2;2;Male;71.89;8;28.76;603.88;Ewallet;575.12;4.761905;28.76;05.май
788;790-38-4466;2;786;1;2;Female;окт.99;5;фев.75;57.70;Credit card;54.95;4.761905;фев.75;09.мар
789;704-10-4056;2;787;1;1;Male;60.47;3;09.июл;190.48;Credit card;181.41;4.761905;09.июл;05.июн
790;497-37-6538;1;788;4;2;Male;58.91;7;20.62;432.99;Ewallet;412.37;4.761905;20.62;09.июл
791;651-96-5970;1;789;6;2;Male;46.41;1;фев.32;48.73;Credit card;46.41;4.761905;фев.32;4.0
792;400-80-4065;2;343;1;1;Male;68.55;4;13.71;287.91;Credit card;274.20;4.761905;13.71;09.фев
793;744-16-7898;3;790;3;2;Female;97.37;10;48.69;1022.39;Credit card;973.70;4.761905;48.69;04.сен
794;263-12-5321;1;791;2;1;Male;92.60;7;32.41;680.61;Credit card;648.20;4.761905;32.41;09.мар
795;702-72-0487;1;792;2;2;Female;46.61;2;апр.66;97.88;Credit card;93.22;4.761905;апр.66;06.июн
796;605-83-1050;3;793;6;2;Male;27.18;2;фев.72;57.08;Ewallet;54.36;4.761905;фев.72;04.мар
797;443-60-9639;2;794;3;1;Female;60.87;1;03.апр;63.91;Cash;60.87;4.761905;03.апр;05.май
798;864-24-7918;1;795;4;1;Female;24.49;10;дек.25;257.15;Cash;244.90;4.761905;дек.25;08.янв
799;359-94-5395;3;796;1;2;Male;92.78;1;апр.64;97.42;Credit card;92.78;4.761905;апр.64;09.авг
800;401-09-4232;2;797;3;1;Male;86.69;5;21.67;455.12;Ewallet;433.45;4.761905;21.67;09.апр
801;751-15-6198;3;798;4;2;Male;23.янв;6;июн.90;144.96;Ewallet;138.06;4.761905;июн.90;07.сен
802;324-41-6833;2;799;2;1;Female;30.20;8;12.авг;253.68;Ewallet;241.60;4.761905;12.авг;05.янв
803;474-33-8305;2;800;6;1;Male;67.39;7;23.59;495.32;Ewallet;471.73;4.761905;23.59;06.сен
804;759-29-9521;1;801;6;1;Female;48.96;9;22.мар;462.67;Cash;440.64;4.761905;22.мар;8.0
805;831-81-6575;3;802;2;1;Female;75.59;9;34.02;714.33;Cash;680.31;4.761905;34.02;8.0
806;220-68-6701;1;803;3;2;Female;77.47;4;15.49;325.37;Cash;309.88;4.761905;15.49;04.фев
807;618-34-8551;1;804;4;2;Female;93.18;2;сен.32;195.68;Credit card;186.36;4.761905;сен.32;08.май
808;257-60-7754;1;805;2;2;Female;50.23;4;10.май;210.97;Cash;200.92;4.761905;10.май;9.0
809;559-61-5987;3;806;1;2;Female;17.75;1;0.89;18.64;Cash;17.75;4.761905;0.89;08.июн
810;189-55-2313;2;807;6;2;Female;62.18;10;31.09;652.89;Ewallet;621.80;4.761905;31.09;6.0
811;565-91-4567;3;808;1;2;Male;окт.75;8;апр.30;90.30;Ewallet;86.00;4.761905;апр.30;06.фев
812;380-60-5336;1;809;2;2;Female;40.26;10;20.13;422.73;Credit card;402.60;4.761905;20.13;5.0
813;815-04-6282;2;810;4;1;Female;64.97;5;16.24;341.09;Credit card;324.85;4.761905;16.24;06.май
814;674-56-6360;1;811;2;2;Male;95.15;1;апр.76;99.91;Cash;95.15;4.761905;апр.76;6.0
815;778-34-2523;1;812;2;1;Female;48.62;8;19.45;408.41;Cash;388.96;4.761905;19.45;5.0
816;499-27-7781;3;813;5;2;Female;53.21;8;21.28;446.96;Ewallet;425.68;4.761905;21.28;5.0
817;477-59-2456;2;814;6;2;Female;45.44;7;15.90;333.98;Cash;318.08;4.761905;15.90;09.фев
818;832-51-6761;1;815;5;2;Male;33.88;8;13.55;284.59;Ewallet;271.04;4.761905;13.55;09.июн
819;869-11-3082;3;816;1;1;Male;96.16;4;19.23;403.87;Credit card;384.64;4.761905;19.23;08.апр
820;190-59-3964;3;817;5;1;Male;47.16;5;ноя.79;247.59;Credit card;235.80;4.761905;ноя.79;6.0
821;366-43-6862;3;818;2;2;Male;52.89;4;окт.58;222.14;Ewallet;211.56;4.761905;окт.58;06.июл
822;186-43-8965;1;819;3;1;Female;47.68;2;апр.77;100.13;Credit card;95.36;4.761905;апр.77;04.янв
823;784-21-9238;2;820;4;1;Male;окт.17;1;0.51;окт.68;Cash;окт.17;4.761905;0.51;05.сен
824;276-75-6884;1;821;1;2;Female;68.71;3;окт.31;216.44;Cash;206.13;4.761905;окт.31;08.июл
825;109-86-4363;3;822;4;1;Female;60.08;7;21.мар;441.59;Credit card;420.56;4.761905;21.мар;04.май
826;569-76-2760;1;823;4;1;Female;22.янв;4;апр.40;92.44;Credit card;88.04;4.761905;апр.40;06.июн
827;222-42-0244;3;824;1;1;Female;72.11;9;32.45;681.44;Credit card;648.99;4.761905;32.45;07.июл
828;760-53-9233;1;825;6;1;Male;41.28;3;июн.19;130.03;Credit card;123.84;4.761905;июн.19;08.май
829;538-22-0304;2;217;2;2;Male;64.95;10;32.48;681.98;Cash;649.50;4.761905;32.48;05.фев
830;416-17-9926;1;826;2;1;Female;74.22;10;37.11;779.31;Credit card;742.20;4.761905;37.11;04.мар
831;237-44-6163;1;827;2;2;Male;окт.56;8;апр.22;88.70;Cash;84.48;4.761905;апр.22;07.июн
832;636-17-0325;3;828;1;2;Male;62.57;4;дек.51;262.79;Cash;250.28;4.761905;дек.51;09.май
833;343-75-9322;3;829;4;1;Female;ноя.85;8;апр.74;99.54;Cash;94.80;4.761905;апр.74;04.янв
834;528-14-9470;1;830;1;1;Male;91.30;1;апр.57;95.87;Ewallet;91.30;4.761905;апр.57;09.фев
835;427-45-9297;3;831;3;1;Female;40.73;7;14.26;299.37;Ewallet;285.11;4.761905;14.26;05.апр
836;807-34-3742;1;832;6;2;Male;52.38;1;фев.62;55.00;Cash;52.38;4.761905;фев.62;05.авг
837;288-62-1085;1;833;6;1;Male;38.54;5;сен.64;202.34;Ewallet;192.70;4.761905;сен.64;05.июн
838;670-71-7306;3;834;4;2;Male;44.63;6;13.39;281.17;Credit card;267.78;4.761905;13.39;05.янв
839;660-29-7083;2;634;2;2;Male;55.87;10;27.94;586.64;Cash;558.70;4.761905;27.94;05.авг
840;271-77-8740;2;835;4;1;Female;29.22;6;авг.77;184.09;Ewallet;175.32;4.761905;авг.77;5.0
841;497-36-0989;1;836;6;2;Male;51.94;3;июл.79;163.61;Cash;155.82;4.761905;июл.79;07.сен
842;291-59-1384;3;837;2;2;Male;60.30;1;03.фев;63.32;Cash;60.30;4.761905;03.фев;6.0
843;860-73-6466;1;838;4;1;Female;39.47;2;мар.95;82.89;Credit card;78.94;4.761905;мар.95;5.0
844;549-23-9016;2;839;5;1;Female;14.87;2;янв.49;31.23;Credit card;29.74;4.761905;янв.49;08.сен
845;896-34-0956;1;840;6;2;Male;21.32;1;01.июл;22.39;Cash;21.32;4.761905;01.июл;05.сен
846;804-38-3935;1;841;2;1;Male;93.78;3;14.июл;295.41;Credit card;281.34;4.761905;14.июл;05.сен
847;585-90-0249;1;842;2;1;Male;73.26;1;мар.66;76.92;Ewallet;73.26;4.761905;мар.66;09.июл
848;862-29-5914;2;843;4;2;Female;22.38;1;01.дек;23.50;Credit card;22.38;4.761905;01.дек;08.июн
849;845-94-6841;2;844;5;1;Female;72.88;9;32.80;688.72;Cash;655.92;4.761905;32.80;4.0
850;125-45-2293;1;845;6;2;Female;99.10;6;29.73;624.33;Cash;594.60;4.761905;29.73;04.фев
851;843-73-4724;1;846;6;2;Male;74.10;1;мар.71;77.81;Cash;74.10;4.761905;мар.71;09.фев
852;409-33-9708;1;847;6;2;Female;98.48;2;сен.85;206.81;Ewallet;196.96;4.761905;сен.85;09.фев
853;658-66-3967;2;848;1;2;Male;53.19;7;18.62;390.95;Ewallet;372.33;4.761905;18.62;5.0
854;866-70-2814;3;849;2;2;Female;52.79;10;26.40;554.30;Ewallet;527.90;4.761905;26.40;10.0
855;160-22-2687;1;850;1;1;Female;95.95;5;23.99;503.74;Ewallet;479.75;4.761905;23.99;08.авг
856;895-03-6665;3;851;6;2;Female;36.51;9;16.43;345.02;Cash;328.59;4.761905;16.43;04.фев
857;770-42-8960;3;852;5;2;Male;21.дек;8;авг.45;177.41;Cash;168.96;4.761905;авг.45;06.мар
858;748-45-2862;1;853;3;1;Female;28.31;4;май.66;118.90;Cash;113.24;4.761905;май.66;08.фев
859;234-36-2483;3;854;1;2;Male;57.59;6;17.28;362.82;Cash;345.54;4.761905;17.28;05.янв
860;316-66-3011;1;855;5;1;Female;47.63;9;21.43;450.10;Cash;428.67;4.761905;21.43;5.0
861;848-95-6252;2;856;3;1;Female;86.27;1;апр.31;90.58;Ewallet;86.27;4.761905;апр.31;7.0
862;840-76-5966;1;857;4;1;Male;дек.76;2;янв.28;26.80;Ewallet;25.52;4.761905;янв.28;07.авг
863;152-03-4217;3;858;3;2;Female;ноя.28;9;05.авг;106.60;Credit card;101.52;4.761905;05.авг;04.мар
864;533-66-5566;3;859;3;2;Female;51.07;7;17.87;375.36;Cash;357.49;4.761905;17.87;7.0
865;124-31-1458;1;860;2;1;Female;79.59;3;ноя.94;250.71;Cash;238.77;4.761905;ноя.94;06.июн
866;176-78-1170;2;861;1;1;Male;33.81;3;05.июл;106.50;Ewallet;101.43;4.761905;05.июл;07.мар
867;361-59-0574;3;862;4;1;Male;90.53;8;36.21;760.45;Credit card;724.24;4.761905;36.21;06.май
868;101-81-4070;2;863;1;1;Female;62.82;2;июн.28;131.92;Ewallet;125.64;4.761905;июн.28;04.сен
869;631-34-1880;2;864;5;1;Male;24.31;3;мар.65;76.58;Credit card;72.93;4.761905;мар.65;04.мар
870;852-82-2749;1;865;4;2;Male;64.59;4;дек.92;271.28;Ewallet;258.36;4.761905;дек.92;09.мар
871;873-14-6353;1;866;5;1;Male;24.82;7;авг.69;182.43;Credit card;173.74;4.761905;авг.69;07.янв
872;584-66-4073;2;867;6;2;Male;56.50;1;фев.83;59.33;Ewallet;56.50;4.761905;фев.83;09.июн
873;544-55-9589;3;868;2;1;Female;21.43;10;окт.72;225.02;Cash;214.30;4.761905;окт.72;06.фев
874;166-19-2553;1;869;4;1;Male;89.06;6;26.72;561.08;Cash;534.36;4.761905;26.72;09.сен
875;737-88-5876;1;870;3;1;Male;23.29;4;апр.66;97.82;Credit card;93.16;4.761905;апр.66;05.сен
876;154-87-7367;2;871;3;2;Male;65.26;8;26.окт;548.18;Ewallet;522.08;4.761905;26.окт;06.мар
877;885-56-0389;2;872;6;1;Male;52.35;1;фев.62;54.97;Cash;52.35;4.761905;фев.62;4.0
878;608-05-3804;3;873;2;1;Male;39.75;1;янв.99;41.74;Cash;39.75;4.761905;янв.99;06.янв
879;448-61-3783;1;874;2;2;Female;90.02;8;36.01;756.17;Credit card;720.16;4.761905;36.01;04.май
880;761-49-0439;3;875;2;1;Female;12.окт;8;апр.84;101.64;Ewallet;96.80;4.761905;апр.84;08.июн
881;490-95-0021;3;876;5;1;Female;33.21;10;16.61;348.71;Ewallet;332.10;4.761905;16.61;6.0
882;115-38-7388;2;877;6;1;Female;окт.18;8;04.июл;85.51;Credit card;81.44;4.761905;04.июл;09.май
883;311-13-6971;3;878;4;1;Male;31.99;10;16.00;335.90;Credit card;319.90;4.761905;16.00;09.сен
884;291-55-6563;1;879;3;1;Female;34.42;6;окт.33;216.85;Ewallet;206.52;4.761905;окт.33;07.май
885;548-48-3156;1;880;5;1;Female;83.34;2;авг.33;175.01;Cash;166.68;4.761905;авг.33;07.июн
886;460-93-5834;1;881;4;2;Male;45.58;7;15.95;335.01;Cash;319.06;4.761905;15.95;5.0
887;325-89-4209;1;882;5;1;Male;87.90;1;апр.40;92.30;Ewallet;87.90;4.761905;апр.40;06.июл
888;884-80-6021;1;883;2;1;Female;73.47;10;36.74;771.44;Ewallet;734.70;4.761905;36.74;09.май
889;137-74-8729;2;884;6;2;Female;дек.19;8;апр.88;102.40;Ewallet;97.52;4.761905;апр.88;06.авг
890;880-46-5796;1;885;4;1;Male;76.92;10;38.46;807.66;Ewallet;769.20;4.761905;38.46;05.июн
891;389-70-2397;2;886;1;2;Female;83.66;5;20.92;439.22;Cash;418.30;4.761905;20.92;07.фев
892;114-35-5271;3;887;2;2;Female;57.91;8;23.16;486.44;Cash;463.28;4.761905;23.16;08.янв
893;607-76-6216;2;888;6;1;Female;92.49;5;23.дек;485.57;Credit card;462.45;4.761905;23.дек;08.июн
894;715-20-1673;3;889;2;2;Male;28.38;5;07.окт;149.00;Cash;141.90;4.761905;07.окт;09.апр
895;811-35-1094;3;890;2;1;Male;50.45;6;15.14;317.84;Credit card;302.70;4.761905;15.14;08.сен
896;699-88-1972;3;891;1;2;Male;99.16;8;39.66;832.94;Credit card;793.28;4.761905;39.66;04.фев
897;781-84-8059;2;892;6;2;Male;60.74;7;21.26;446.44;Ewallet;425.18;4.761905;21.26;5.0
898;409-49-6995;2;893;5;1;Female;47.27;6;14.18;297.80;Cash;283.62;4.761905;14.18;08.авг
899;725-54-0677;2;894;1;1;Male;85.60;7;29.96;629.16;Cash;599.20;4.761905;29.96;05.мар
900;146-09-5432;1;895;5;1;Male;35.04;9;15.77;331.13;Ewallet;315.36;4.761905;15.77;04.июн
901;377-79-7592;2;896;2;1;Female;44.84;9;20.18;423.74;Credit card;403.56;4.761905;20.18;07.май
902;509-10-0516;3;897;3;2;Male;45.97;4;сен.19;193.07;Ewallet;183.88;4.761905;сен.19;05.янв
903;595-94-9924;1;898;1;1;Female;27.73;5;июн.93;145.58;Credit card;138.65;4.761905;июн.93;04.фев
904;865-41-9075;1;899;5;2;Male;ноя.53;7;04.апр;84.75;Cash;80.71;4.761905;04.апр;08.янв
905;545-07-8534;2;900;1;2;Female;58.32;2;май.83;122.47;Ewallet;116.64;4.761905;май.83;6.0
906;118-62-1812;2;901;3;1;Female;78.38;4;15.68;329.20;Cash;313.52;4.761905;15.68;07.сен
907;450-42-3339;2;902;1;2;Male;84.61;10;42.31;888.41;Credit card;846.10;4.761905;42.31;08.авг
908;851-98-3555;3;903;1;2;Female;82.88;5;20.72;435.12;Credit card;414.40;4.761905;20.72;06.июн
909;186-71-5196;1;904;5;1;Female;79.54;2;июл.95;167.03;Ewallet;159.08;4.761905;июл.95;06.фев
910;624-01-8356;3;905;3;2;Female;49.01;10;24.51;514.61;Credit card;490.10;4.761905;24.51;04.фев
911;313-66-9943;3;906;5;1;Female;29.15;3;апр.37;91.82;Credit card;87.45;4.761905;апр.37;07.мар
912;151-27-8496;2;907;2;2;Female;56.13;4;ноя.23;235.75;Ewallet;224.52;4.761905;ноя.23;08.июн
913;453-33-6436;1;908;3;2;Female;93.12;8;37.25;782.21;Cash;744.96;4.761905;37.25;06.авг
914;522-57-8364;1;909;6;1;Male;51.34;8;20.54;431.26;Ewallet;410.72;4.761905;20.54;07.июн
915;459-45-2396;1;910;5;1;Female;99.60;3;14.94;313.74;Cash;298.80;4.761905;14.94;05.авг
916;717-96-4189;2;911;2;2;Female;35.49;6;окт.65;223.59;Cash;212.94;4.761905;окт.65;04.янв
917;722-13-2115;2;912;4;1;Male;42.85;1;фев.14;44.99;Credit card;42.85;4.761905;фев.14;09.мар
918;749-81-8133;1;913;6;2;Female;94.67;4;18.93;397.61;Cash;378.68;4.761905;18.93;06.авг
919;777-67-2495;3;914;3;2;Male;68.97;3;окт.35;217.26;Ewallet;206.91;4.761905;окт.35;08.июл
920;636-98-3364;3;915;2;1;Female;26.26;3;мар.94;82.72;Ewallet;78.78;4.761905;мар.94;06.мар
921;246-55-6923;2;916;3;1;Female;35.79;9;16.ноя;338.22;Credit card;322.11;4.761905;16.ноя;05.янв
922;181-82-6255;3;917;3;2;Female;16.37;6;апр.91;103.13;Cash;98.22;4.761905;апр.91;7.0
923;838-02-1821;2;918;3;1;Female;дек.73;2;янв.27;26.73;Credit card;25.46;4.761905;янв.27;05.фев
924;887-42-0517;2;919;4;2;Female;83.14;7;29.окт;611.08;Credit card;581.98;4.761905;29.окт;06.июн
925;457-12-0244;2;920;4;1;Female;35.22;6;окт.57;221.89;Ewallet;211.32;4.761905;окт.57;06.май
926;226-34-0034;3;921;2;2;Female;13.78;4;фев.76;57.88;Ewallet;55.12;4.761905;фев.76;9.0
927;321-49-7382;3;922;4;1;Male;88.31;1;апр.42;92.73;Credit card;88.31;4.761905;апр.42;05.фев
928;397-25-8725;1;923;1;1;Female;39.62;9;17.83;374.41;Credit card;356.58;4.761905;17.83;06.авг
929;431-66-2305;3;924;2;2;Female;88.25;9;39.71;833.96;Credit card;794.25;4.761905;39.71;07.июн
930;825-94-5922;3;239;4;2;Male;25.31;2;фев.53;53.15;Ewallet;50.62;4.761905;фев.53;07.фев
931;641-62-7288;3;925;3;2;Male;99.92;6;29.98;629.50;Ewallet;599.52;4.761905;29.98;07.янв
932;756-93-1854;2;926;6;1;Female;83.35;2;авг.34;175.04;Credit card;166.70;4.761905;авг.34;09.май
933;243-55-8457;1;927;5;2;Female;74.44;10;37.22;781.62;Ewallet;744.40;4.761905;37.22;05.янв
934;458-10-8612;2;928;1;2;Male;64.08;7;22.43;470.99;Ewallet;448.56;4.761905;22.43;07.июн
935;501-61-1753;3;929;3;2;Female;63.15;6;18.95;397.85;Ewallet;378.90;4.761905;18.95;09.авг
936;235-06-8510;2;930;3;1;Male;85.72;3;дек.86;270.02;Ewallet;257.16;4.761905;дек.86;05.янв
937;433-08-7822;2;931;1;2;Female;78.89;7;27.61;579.84;Ewallet;552.23;4.761905;27.61;07.май
938;361-85-2571;1;932;4;2;Female;89.48;5;22.37;469.77;Cash;447.40;4.761905;22.37;07.апр
939;131-70-8179;1;933;1;1;Female;92.09;3;13.81;290.08;Cash;276.27;4.761905;13.81;04.фев
940;500-02-2261;2;934;5;2;Female;57.29;6;17.19;360.93;Ewallet;343.74;4.761905;17.19;05.сен
941;720-72-2436;1;935;5;2;Male;66.52;4;13.30;279.38;Ewallet;266.08;4.761905;13.30;06.сен
942;702-83-5291;2;936;6;1;Male;99.82;9;44.92;943.30;Cash;898.38;4.761905;44.92;06.июн
943;809-69-9497;1;937;3;2;Female;45.68;10;22.84;479.64;Ewallet;456.80;4.761905;22.84;05.июл
944;449-16-6770;1;938;1;2;Male;50.79;5;дек.70;266.65;Credit card;253.95;4.761905;дек.70;05.мар
945;333-23-2632;1;939;1;1;Male;10.авг;7;мар.53;74.09;Cash;70.56;4.761905;мар.53;04.фев
946;489-82-1237;1;940;2;2;Female;93.88;7;32.86;690.02;Credit card;657.16;4.761905;32.86;07.мар
947;859-97-6048;2;941;2;1;Male;84.25;2;авг.43;176.93;Credit card;168.50;4.761905;авг.43;05.мар
948;676-10-2200;3;942;6;1;Male;53.78;1;фев.69;56.47;Ewallet;53.78;4.761905;фев.69;04.июл
949;373-88-1424;2;943;3;1;Male;35.81;5;авг.95;188.00;Ewallet;179.05;4.761905;авг.95;07.сен
950;365-16-4334;3;944;5;2;Female;26.43;8;окт.57;222.01;Ewallet;211.44;4.761905;окт.57;08.сен
951;503-21-4385;3;945;1;1;Male;39.91;3;май.99;125.72;Ewallet;119.73;4.761905;май.99;09.мар
952;305-89-2768;3;946;3;1;Female;21.90;3;мар.29;68.99;Ewallet;65.70;4.761905;мар.29;04.июл
953;574-80-1489;3;947;5;1;Female;62.85;4;дек.57;263.97;Ewallet;251.40;4.761905;дек.57;08.июл
954;784-08-0310;2;948;5;1;Female;21.апр;4;апр.21;88.37;Cash;84.16;4.761905;апр.21;07.июн
955;200-40-6154;3;949;3;1;Male;65.91;6;19.77;415.23;Cash;395.46;4.761905;19.77;05.июл
956;846-10-0341;1;950;6;2;Female;42.57;7;14.90;312.89;Cash;297.99;4.761905;14.90;06.авг
957;577-34-7579;2;951;5;1;Male;50.49;9;22.72;477.13;Cash;454.41;4.761905;22.72;05.апр
958;430-02-3888;3;952;2;2;Male;46.02;6;13.81;289.93;Cash;276.12;4.761905;13.81;07.янв
959;867-47-1948;2;953;3;2;Female;15.80;10;июл.90;165.90;Cash;158.00;4.761905;июл.90;07.авг
960;384-59-6655;1;954;5;1;Female;98.66;9;44.40;932.34;Cash;887.94;4.761905;44.40;08.апр
961;256-58-3609;2;955;6;1;Male;91.98;1;апр.60;96.58;Cash;91.98;4.761905;апр.60;09.авг
962;324-92-3863;1;956;2;1;Male;20.89;2;02.сен;43.87;Cash;41.78;4.761905;02.сен;09.авг
963;593-08-5916;1;957;6;2;Female;15.50;1;0.78;16.28;Credit card;15.50;4.761905;0.78;07.апр
964;364-34-2972;2;958;2;1;Male;96.82;3;14.52;304.98;Cash;290.46;4.761905;14.52;06.июл
965;794-42-3736;3;959;5;2;Male;33.33;2;мар.33;69.99;Credit card;66.66;4.761905;мар.33;06.апр
966;172-42-8274;3;960;2;2;Female;38.27;2;мар.83;80.37;Credit card;76.54;4.761905;мар.83;05.авг
967;558-60-5016;1;961;3;2;Female;33.30;9;14.99;314.69;Ewallet;299.70;4.761905;14.99;07.фев
968;195-06-0432;1;962;3;1;Male;81.01;3;дек.15;255.18;Credit card;243.03;4.761905;дек.15;09.мар
969;605-03-2706;1;963;1;2;Female;15.80;3;фев.37;49.77;Cash;47.40;4.761905;фев.37;09.май
970;214-30-2776;3;964;2;1;Female;34.49;5;авг.62;181.07;Credit card;172.45;4.761905;авг.62;9.0
971;746-04-1077;3;965;5;1;Female;84.63;10;42.32;888.62;Credit card;846.30;4.761905;42.32;9.0
972;448-34-8700;3;966;3;1;Male;36.91;7;дек.92;271.29;Ewallet;258.37;4.761905;дек.92;06.июл
973;452-04-8808;3;967;2;2;Male;87.08;7;30.48;640.04;Cash;609.56;4.761905;30.48;05.май
974;531-56-4728;1;968;3;2;Male;80.08;3;12.янв;252.25;Cash;240.24;4.761905;12.янв;05.апр
975;744-82-9138;2;969;6;2;Male;86.13;2;авг.61;180.87;Cash;172.26;4.761905;авг.61;08.фев
976;883-69-1285;3;970;6;1;Male;49.92;2;апр.99;104.83;Credit card;99.84;4.761905;апр.99;7.0
977;221-25-5073;1;971;5;2;Female;74.66;4;14.93;313.57;Cash;298.64;4.761905;14.93;08.май
978;518-71-6847;3;972;5;1;Male;26.60;6;июл.98;167.58;Ewallet;159.60;4.761905;июл.98;04.сен
979;156-20-0370;3;973;2;2;Female;25.45;1;янв.27;26.72;Credit card;25.45;4.761905;янв.27;05.янв
980;151-33-7434;3;974;5;2;Female;67.77;1;мар.39;71.16;Credit card;67.77;4.761905;мар.39;06.май
981;728-47-9078;2;975;5;1;Male;59.59;4;ноя.92;250.28;Cash;238.36;4.761905;ноя.92;09.авг
982;809-46-1866;1;976;1;2;Male;58.15;4;ноя.63;244.23;Cash;232.60;4.761905;ноя.63;08.апр
983;139-32-4183;1;977;4;1;Female;97.48;9;43.87;921.19;Ewallet;877.32;4.761905;43.87;07.апр
984;148-41-7930;2;978;1;2;Male;99.96;7;34.99;734.71;Cash;699.72;4.761905;34.99;06.янв
985;189-40-5216;2;979;2;2;Male;96.37;7;33.73;708.32;Cash;674.59;4.761905;33.73;6.0
986;374-38-5555;3;980;6;2;Female;63.71;5;15.93;334.48;Ewallet;318.55;4.761905;15.93;08.май
987;764-44-8999;3;981;1;2;Female;14.76;2;янв.48;31.00;Ewallet;29.52;4.761905;янв.48;04.мар
988;552-44-5977;3;982;1;1;Male;62.00;8;24.80;520.80;Credit card;496.00;4.761905;24.80;06.фев
989;267-62-7380;2;983;2;1;Male;82.34;10;41.17;864.57;Ewallet;823.40;4.761905;41.17;04.мар
990;430-53-4718;3;984;1;1;Male;75.37;8;30.15;633.11;Credit card;602.96;4.761905;30.15;08.апр
991;886-18-2897;1;985;5;2;Female;56.56;5;14.14;296.94;Credit card;282.80;4.761905;14.14;04.май
992;602-16-6955;3;986;4;2;Female;76.60;10;38.30;804.30;Ewallet;766.00;4.761905;38.30;6.0
993;745-74-0715;1;987;2;2;Male;58.03;2;май.80;121.86;Ewallet;116.06;4.761905;май.80;08.авг
994;690-01-6631;3;988;6;2;Male;17.49;10;авг.75;183.65;Ewallet;174.90;4.761905;авг.75;06.июн
995;652-49-6720;2;989;2;1;Female;60.95;1;03.май;64.00;Ewallet;60.95;4.761905;03.май;05.сен
996;233-67-5758;2;990;1;2;Male;40.35;1;02.фев;42.37;Ewallet;40.35;4.761905;02.фев;06.фев
997;303-96-2227;3;991;3;2;Female;97.38;10;48.69;1022.49;Ewallet;973.80;4.761905;48.69;04.апр
998;727-02-1313;1;992;5;1;Male;31.84;1;янв.59;33.43;Cash;31.84;4.761905;янв.59;07.июл
999;347-56-2442;1;993;3;2;Male;65.82;1;мар.29;69.11;Cash;65.82;4.761905;мар.29;04.янв
1000;849-09-3807;1;994;6;1;Female;88.34;7;30.92;649.30;Cash;618.38;4.761905;30.92;06.июн
